Skeleton_ID,Skeleton_Comment,Source_ID,x_x,y_x,z_x,Target_ID,x_y,y_y,z_y
108,.,1189,16840,9026,3,1190,16562,9036,77
108,,1189,16840,9026,3,1205,16842,9170,42
108,,1189,16840,9026,3,1256,16815,8997,105
108,,1190,16562,9036,77,1191,16210,8955,196
108,,1191,16210,8955,196,1192,16053,8954,268
108,,1192,16053,8954,268,1193,16002,8945,316
108,,1193,16002,8945,316,1194,15738,8953,555
108,,1194,15738,8953,555,1195,15559,8876,710
108,,1195,15559,8876,710,1196,15351,8927,908
108,,1196,15351,8927,908,1197,14987,8876,1127
108,,1197,14987,8876,1127,1198,14655,8857,1180
108,,1198,14655,8857,1180,1199,14413,8819,1329
108,,1199,14413,8819,1329,1200,14252,8802,1375
108,,1200,14252,8802,1375,1201,14176,8793,1440
108,,1201,14176,8793,1440,1202,14058,8718,1594
108,,1202,14058,8718,1594,1203,14007,8626,1747
108,,1203,14007,8626,1747,1204,13972,8597,1785
108,,1205,16842,9170,42,1206,16922,9312,57
108,,1206,16922,9312,57,1207,16915,9324,99
108,,1206,16922,9312,57,1240,16943,9383,45
108,,1207,16915,9324,99,1208,16937,9337,142
108,,1208,16937,9337,142,1209,16947,9343,176
108,,1209,16947,9343,176,1210,16951,9355,202
108,,1210,16951,9355,202,1211,16969,9344,207
108,,1210,16951,9355,202,1232,16940,9370,206
108,,1211,16969,9344,207,1212,16989,9344,230
108,,1212,16989,9344,230,1213,17011,9341,252
108,,1213,17011,9341,252,1214,17026,9339,294
108,,1214,17026,9339,294,1215,17052,9345,335
108,,1215,17052,9345,335,1216,17083,9340,351
108,,1216,17083,9340,351,1217,17147,9323,409
108,,1216,17083,9340,351,1218,17164,9342,443
108,,1218,17164,9342,443,1219,17178,9342,482
108,,1219,17178,9342,482,1220,17203,9340,530
108,,1220,17203,9340,530,1221,17193,9355,535
108,,1220,17203,9340,530,1222,17224,9331,549
108,,1222,17224,9331,549,1223,17245,9325,577
108,,1223,17245,9325,577,1224,17250,9309,595
108,,1224,17250,9309,595,1225,17271,9296,619
108,,1225,17271,9296,619,1226,17287,9283,635
108,,1226,17287,9283,635,1227,17308,9267,666
108,,1227,17308,9267,666,1228,17317,9260,687
108,,1228,17317,9260,687,1229,17334,9246,705
108,,1229,17334,9246,705,1230,17342,9237,748
108,,1230,17342,9237,748,1231,17354,9226,774
108,,1232,16940,9370,206,1233,16927,9380,236
108,,1233,16927,9380,236,1234,16918,9405,258
108,,1234,16918,9405,258,1235,16909,9445,283
108,,1235,16909,9445,283,1236,16896,9482,293
108,,1236,16896,9482,293,1237,16873,9544,307
108,,1237,16873,9544,307,1238,16844,9621,316
108,,1238,16844,9621,316,1239,16822,9666,314
108,,1240,16943,9383,45,1241,16958,9464,30
108,,1241,16958,9464,30,1242,16968,9513,18
108,,1242,16968,9513,18,1243,16967,9582,18
108,,1243,16967,9582,18,1244,16967,9647,14
108,,1244,16967,9647,14,1245,16950,9708,14
108,,1246,16942,9744,10,1247,16929,9802,10
108,,1246,16942,9744,10,1245,16950,9708,14
108,,1247,16929,9802,10,1248,16922,9869,8
108,,1248,16922,9869,8,1249,16927,9897,6
108,,1250,16916,9949,6,1249,16927,9897,6
108,,1250,16916,9949,6,1251,16907,9987,9
108,,1251,16907,9987,9,1252,16891,10039,9
108,,1252,16891,10039,9,1253,16875,10084,9
108,,1254,16848,10120,9,1253,16875,10084,9
108,,1255,16828,10145,1,1254,16848,10120,9
108,,1256,16815,8997,105,1257,16839,8992,122
108,,1257,16839,8992,122,1258,16863,8986,164
108,,1258,16863,8986,164,1259,16878,8993,195
108,,1259,16878,8993,195,1260,16895,8986,241
108,,1260,16895,8986,241,1261,16899,8974,271
108,,1261,16899,8974,271,1262,16892,8970,303
108,,1262,16892,8970,303,1263,16877,8974,326
108,,1263,16877,8974,326,1264,16864,8986,355
108,,1264,16864,8986,355,1265,16858,8983,376
108,,1265,16858,8983,376,1266,16849,9013,412
108,,1266,16849,9013,412,1267,16828,9038,426
108,,1267,16828,9038,426,1268,16811,9058,448
108,,1268,16811,9058,448,1269,16794,9116,466
108,,1269,16794,9116,466,1270,16787,9160,509
108,,1270,16787,9160,509,1271,16777,9215,560
108,,1271,16777,9215,560,1272,16778,9248,586
108,,1272,16778,9248,586,1273,16770,9264,611
108,,1273,16770,9264,611,1274,16782,9300,646
108,,1274,16782,9300,646,1275,16793,9309,677
115,.,1803,6052,6349,684,1804,5872,6339,782
115,,1803,6052,6349,684,1830,6250,6331,730
115,,1803,6052,6349,684,1842,6019,6119,611
115,,1803,6052,6349,684,1866,6269,6406,575
115,,1803,6052,6349,684,1870,6075,6533,587
115,,1804,5872,6339,782,1805,5665,6343,892
115,,1805,5665,6343,892,1806,5528,6379,956
115,,1806,5528,6379,956,1807,5176,6399,1223
115,,1807,5176,6399,1223,1808,5058,6399,1299
115,,1808,5058,6399,1299,1809,4943,6383,1360
115,,1809,4943,6383,1360,1810,4750,6375,1390
115,,1809,4943,6383,1360,1826,4887,6383,1472
115,,1810,4750,6375,1390,1811,4584,6407,1425
115,,1811,4584,6407,1425,1812,4454,6431,1428
115,,1812,4454,6431,1428,1813,4313,6469,1437
115,,1813,4313,6469,1437,1814,4188,6495,1487
115,,1814,4188,6495,1487,1815,4011,6503,1534
115,,1815,4011,6503,1534,1816,3871,6519,1584
115,,1816,3871,6519,1584,1817,3807,6557,1589
115,,1817,3807,6557,1589,1818,3741,6593,1609
115,,1818,3741,6593,1609,1819,3686,6627,1616
115,,1819,3686,6627,1616,1820,3614,6693,1613
115,,1820,3614,6693,1613,1821,3443,6785,1615
115,,1821,3443,6785,1615,1822,3338,6823,1641
115,,1822,3338,6823,1641,1823,3211,6889,1699
115,,1823,3211,6889,1699,1824,3090,6959,1733
115,,1824,3090,6959,1733,1825,2982,7005,1769
115,,1826,4887,6383,1472,1827,4812,6417,1596
115,,1827,4812,6417,1596,1828,4638,6417,1720
115,,1828,4638,6417,1720,1829,4556,6409,1775
115,,1830,6250,6331,730,1831,6324,6333,775
115,,1831,6324,6333,775,1832,6390,6333,806
115,,1832,6390,6333,806,1833,6490,6319,908
115,,1833,6490,6319,908,1834,6561,6359,952
115,,1834,6561,6359,952,1835,6644,6419,988
115,,1835,6644,6419,988,1836,6775,6431,998
115,,1836,6775,6431,998,1837,6837,6415,990
115,,1837,6837,6415,990,1838,6924,6437,998
115,,1838,6924,6437,998,1839,6998,6491,983
115,,1839,6998,6491,983,1840,7100,6537,1011
115,,1840,7100,6537,1011,1841,7202,6517,1075
115,,1842,6019,6119,611,1843,6007,5945,578
115,,1843,6007,5945,578,1844,6003,5896,567
115,,1844,6003,5896,567,1845,6023,5856,548
115,,1844,6003,5896,567,1851,5969,5704,579
115,,1844,6003,5896,567,1852,5963,5607,559
115,,1844,6003,5896,567,1858,5930,5847,543
115,,1845,6023,5856,548,1846,6113,5787,506
115,,1846,6113,5787,506,1847,6185,5734,516
115,,1847,6185,5734,516,1848,6253,5667,508
115,,1848,6253,5667,508,1849,6273,5623,472
115,,1849,6273,5623,472,1850,6273,5566,408
115,,1852,5963,5607,559,1853,5964,5489,559
115,,1853,5964,5489,559,1854,5957,5381,567
115,,1854,5957,5381,567,1855,5946,5325,597
115,,1855,5946,5325,597,1856,5939,5266,633
115,,1856,5939,5266,633,1857,5942,5229,661
115,,1858,5930,5847,543,1859,5834,5767,499
115,,1859,5834,5767,499,1860,5773,5738,457
115,,1860,5773,5738,457,1861,5712,5672,417
115,,1861,5712,5672,417,1862,5662,5643,391
115,,1862,5662,5643,391,1863,5593,5562,321
115,,1863,5593,5562,321,1864,5545,5509,275
115,,1864,5545,5509,275,1865,5509,5461,213
115,,1866,6269,6406,575,1867,6359,6406,547
115,,1867,6359,6406,547,1868,6406,6444,537
115,,1868,6406,6444,537,1869,6543,6498,529
115,,1870,6075,6533,587,1871,6071,6579,562
115,,1871,6071,6579,562,1872,6077,6730,524
115,,1872,6077,6730,524,1873,6146,6848,524
115,,1872,6077,6730,524,1896,6048,6834,488
115,,1873,6146,6848,524,1874,6155,6954,538
115,,1873,6146,6848,524,1894,6180,6873,498
115,,1874,6155,6954,538,1875,6207,7103,548
115,,1875,6207,7103,548,1876,6253,7201,526
115,,1876,6253,7201,526,1877,6296,7324,504
115,,1877,6296,7324,504,1878,6316,7453,490
115,,1878,6316,7453,490,1879,6390,7595,474
115,,1878,6316,7453,490,1887,6315,7508,520
115,,1879,6390,7595,474,1880,6399,7698,458
115,,1880,6399,7698,458,1881,6446,7766,458
115,,1881,6446,7766,458,1882,6491,7847,432
115,,1882,6491,7847,432,1883,6544,7899,418
115,,1883,6544,7899,418,1884,6581,7942,394
115,,1884,6581,7942,394,1885,6598,7957,372
115,,1885,6598,7957,372,1886,6627,7975,338
115,,1887,6315,7508,520,1888,6308,7555,562
115,,1888,6308,7555,562,1889,6296,7602,610
115,,1889,6296,7602,610,1890,6274,7643,646
115,,1890,6274,7643,646,1891,6301,7690,690
115,,1891,6301,7690,690,1892,6326,7747,722
115,,1892,6326,7747,722,1893,6368,7799,760
115,,1894,6180,6873,498,1895,6178,6910,454
115,,1896,6048,6834,488,1897,6057,7044,488
115,,1897,6057,7044,488,1898,6053,7101,506
115,,1898,6053,7101,506,1899,6065,7183,536
115,,1899,6065,7183,536,1900,6212,7318,552
115,,1899,6065,7183,536,1908,6021,7305,588
115,,1900,6212,7318,552,1901,6257,7392,540
115,,1901,6257,7392,540,1902,6313,7468,540
115,,1902,6313,7468,540,1903,6360,7503,592
115,,1903,6360,7503,592,1904,6389,7556,646
115,,1904,6389,7556,646,1905,6401,7624,668
115,,1905,6401,7624,668,1906,6431,7682,716
115,,1906,6431,7682,716,1907,6452,7722,746
115,,1908,6021,7305,588,1909,6009,7344,616
115,,1909,6009,7344,616,1910,5994,7387,644
115,,1910,5994,7387,644,1911,5978,7430,680
115,,1911,5978,7430,680,1912,5960,7512,732
115,,1912,5960,7512,732,1913,5933,7591,760
115,,1913,5933,7591,760,1914,5918,7649,794
115,,1914,5918,7649,794,1915,5914,7708,830
115,,1915,5914,7708,830,1916,5899,7745,858
115,,1916,5899,7745,858,1917,5866,7827,916
115,,1917,5866,7827,916,1918,5841,7893,954
115,,1918,5841,7893,954,1919,5814,7964,980
115,,1919,5814,7964,980,1920,5760,8078,1000
115,,1920,5760,8078,1000,1921,5755,8178,1028
115,,1921,5755,8178,1028,1922,5753,8248,1064
115,,1922,5753,8248,1064,1923,5744,8313,1104
115,,1923,5744,8313,1104,1924,5741,8398,1152
115,,1924,5741,8398,1152,1925,5737,8450,1194
115,,1925,5737,8450,1194,1926,5726,8523,1222
115,,1926,5726,8523,1222,1927,5710,8609,1240
115,,1927,5710,8609,1240,1928,5662,8738,1232
115,,1929,6026,6250,518,1930,5925,6236,404
115,,1930,5925,6236,404,1931,5898,6236,369
115,,1931,5898,6236,369,1932,5902,6248,260
115,,1931,5898,6236,369,1936,5818,6198,282
115,,1932,5902,6248,260,1933,5914,6278,213
115,,1933,5914,6278,213,1934,6039,6280,93
115,,1934,6039,6280,93,1935,6084,6234,80
115,,1936,5818,6198,282,1937,5773,6156,188
115,,1937,5773,6156,188,1938,5772,6118,151
115,,1938,5772,6118,151,1939,5719,6092,83
131,.,4670,16840,9026,3,4671,16562,9036,77
131,,4670,16840,9026,3,4686,16842,9170,42
131,,4670,16840,9026,3,4737,16815,8997,105
131,,4671,16562,9036,77,4672,16210,8955,196
131,,4672,16210,8955,196,4673,16053,8954,268
131,,4673,16053,8954,268,4674,16002,8945,316
131,,4674,16002,8945,316,4675,15738,8953,555
131,,4675,15738,8953,555,4676,15559,8876,710
131,,4676,15559,8876,710,4677,15351,8927,908
131,,4677,15351,8927,908,4678,14987,8876,1127
131,,4678,14987,8876,1127,4679,14655,8857,1180
131,,4679,14655,8857,1180,4680,14413,8819,1329
131,,4680,14413,8819,1329,4681,14252,8802,1375
131,,4681,14252,8802,1375,4682,14176,8793,1440
131,,4682,14176,8793,1440,4683,14058,8718,1594
131,,4683,14058,8718,1594,4684,14007,8626,1747
131,,4684,14007,8626,1747,4685,13972,8597,1785
131,,4686,16842,9170,42,4687,16922,9312,57
131,,4687,16922,9312,57,4688,16915,9324,99
131,,4687,16922,9312,57,4721,16943,9383,45
131,,4688,16915,9324,99,4689,16937,9337,142
131,,4689,16937,9337,142,4690,16947,9343,176
131,,4690,16947,9343,176,4691,16951,9355,202
131,,4691,16951,9355,202,4692,16969,9344,207
131,,4691,16951,9355,202,4713,16940,9370,206
131,,4692,16969,9344,207,4693,16989,9344,230
131,,4693,16989,9344,230,4694,17011,9341,252
131,,4694,17011,9341,252,4695,17026,9339,294
131,,4695,17026,9339,294,4696,17052,9345,335
131,,4696,17052,9345,335,4697,17083,9340,351
131,,4697,17083,9340,351,4698,17147,9323,409
131,,4697,17083,9340,351,4699,17164,9342,443
131,,4699,17164,9342,443,4700,17178,9342,482
131,,4700,17178,9342,482,4701,17203,9340,530
131,,4701,17203,9340,530,4702,17193,9355,535
131,,4701,17203,9340,530,4703,17224,9331,549
131,,4703,17224,9331,549,4704,17245,9325,577
131,,4704,17245,9325,577,4705,17250,9309,595
131,,4705,17250,9309,595,4706,17271,9296,619
131,,4706,17271,9296,619,4707,17287,9283,635
131,,4707,17287,9283,635,4708,17308,9267,666
131,,4708,17308,9267,666,4709,17317,9260,687
131,,4709,17317,9260,687,4710,17334,9246,705
131,,4710,17334,9246,705,4711,17342,9237,748
131,,4711,17342,9237,748,4712,17354,9226,774
131,,4713,16940,9370,206,4714,16927,9380,236
131,,4714,16927,9380,236,4715,16918,9405,258
131,,4715,16918,9405,258,4716,16909,9445,283
131,,4716,16909,9445,283,4717,16896,9482,293
131,,4717,16896,9482,293,4718,16873,9544,307
131,,4718,16873,9544,307,4719,16844,9621,316
131,,4719,16844,9621,316,4720,16822,9666,314
131,,4721,16943,9383,45,4722,16958,9464,30
131,,4722,16958,9464,30,4723,16968,9513,18
131,,4723,16968,9513,18,4724,16967,9582,18
131,,4724,16967,9582,18,4725,16967,9647,14
131,,4725,16967,9647,14,4726,16950,9708,14
131,,4727,16942,9744,10,4728,16929,9802,10
131,,4727,16942,9744,10,4726,16950,9708,14
131,,4728,16929,9802,10,4729,16922,9869,8
131,,4729,16922,9869,8,4730,16927,9897,6
131,,4731,16916,9949,6,4730,16927,9897,6
131,,4731,16916,9949,6,4732,16907,9987,9
131,,4732,16907,9987,9,4733,16891,10039,9
131,,4733,16891,10039,9,4734,16875,10084,9
131,,4735,16848,10120,9,4734,16875,10084,9
131,,4736,16828,10145,1,4735,16848,10120,9
131,,4737,16815,8997,105,4738,16839,8992,122
131,,4738,16839,8992,122,4739,16863,8986,164
131,,4739,16863,8986,164,4740,16878,8993,195
131,,4740,16878,8993,195,4741,16895,8986,241
131,,4741,16895,8986,241,4742,16899,8974,271
131,,4742,16899,8974,271,4743,16892,8970,303
131,,4743,16892,8970,303,4744,16877,8974,326
131,,4744,16877,8974,326,4745,16864,8986,355
131,,4745,16864,8986,355,4746,16858,8983,376
131,,4746,16858,8983,376,4747,16849,9013,412
131,,4747,16849,9013,412,4748,16828,9038,426
131,,4748,16828,9038,426,4749,16811,9058,448
131,,4749,16811,9058,448,4750,16794,9116,466
131,,4750,16794,9116,466,4751,16787,9160,509
131,,4751,16787,9160,509,4752,16777,9215,560
131,,4752,16777,9215,560,4753,16778,9248,586
131,,4753,16778,9248,586,4754,16770,9264,611
131,,4754,16770,9264,611,4755,16782,9300,646
131,,4755,16782,9300,646,4756,16793,9309,677
132,incomplete,4757,13878,5666,901,4810,13922,5857,886
132,,4757,13878,5666,901,4882,13885,5517,945
132,,4758,13608,5651,911,4757,13878,5666,901
132,,4758,13608,5651,911,4759,13540,5630,967
132,,4759,13540,5630,967,4760,13482,5633,979
132,,4760,13482,5633,979,4761,13456,5674,979
132,,4761,13456,5674,979,4762,13422,5693,1035
132,,4762,13422,5693,1035,4763,13344,5738,1055
132,,4763,13344,5738,1055,4764,13266,5764,1095
132,,4764,13266,5764,1095,4765,13132,5809,1126
132,,4765,13132,5809,1126,4766,13002,5832,1196
132,,4766,13002,5832,1196,4767,12933,5821,1241
132,,4767,12933,5821,1241,4768,12868,5791,1260
132,,4768,12868,5791,1260,4769,12842,5769,1241
132,,4768,12868,5791,1260,4786,12772,5761,1329
132,,4769,12842,5769,1241,4770,12832,5745,1241
132,,4770,12832,5745,1241,4771,12829,5722,1223
132,,4771,12829,5722,1223,4772,12821,5713,1188
132,,4772,12821,5713,1188,4773,12822,5695,1188
132,,4773,12822,5695,1188,4774,12808,5621,1140
132,,4774,12808,5621,1140,4775,12799,5580,1109
132,,4775,12799,5580,1109,4776,12799,5569,1087
132,,4776,12799,5569,1087,4777,12804,5549,1087
132,,4777,12804,5549,1087,4778,12804,5538,1061
132,,4778,12804,5538,1061,4779,12808,5504,1030
132,,4779,12808,5504,1030,4780,12804,5480,1008
132,,4780,12804,5480,1008,4781,12804,5453,989
132,,4781,12804,5453,989,4782,12804,5410,960
132,,4782,12804,5410,960,4783,12788,5376,939
132,,4783,12788,5376,939,4784,12771,5329,920
132,,4784,12771,5329,920,4785,12753,5282,886
132,,4786,12772,5761,1329,4787,12694,5739,1402
132,,4787,12694,5739,1402,4788,12640,5734,1432
132,,4788,12640,5734,1432,4789,12664,5704,1432
132,,4788,12640,5734,1432,4792,12582,5702,1432
132,,4789,12664,5704,1432,4790,12674,5686,1468
132,,4790,12674,5686,1468,4791,12697,5667,1523
132,,4792,12582,5702,1432,4793,12415,5650,1516
132,,4793,12415,5650,1516,4794,12281,5620,1568
132,,4794,12281,5620,1568,4795,12191,5629,1628
132,,4795,12191,5629,1628,4796,12101,5602,1668
132,,4796,12101,5602,1668,4797,12028,5577,1700
132,,4797,12028,5577,1700,4798,11990,5565,1700
132,,4798,11990,5565,1700,4799,11956,5538,1703
132,,4798,11990,5565,1700,4808,11902,5531,1765
132,,4799,11956,5538,1703,4800,11946,5497,1703
132,,4800,11946,5497,1703,4801,11928,5454,1675
132,,4801,11928,5454,1675,4802,11912,5420,1656
132,,4802,11912,5420,1656,4803,11912,5388,1637
132,,4803,11912,5388,1637,4804,11891,5322,1615
132,,4804,11891,5322,1615,4805,11873,5264,1582
132,,4805,11873,5264,1582,4806,11849,5200,1545
132,,4806,11849,5200,1545,4807,11836,5183,1545
132,,4808,11902,5531,1765,4809,11852,5502,1785
132,,4810,13922,5857,886,4811,13941,5943,920
132,,4811,13941,5943,920,4812,13982,6129,986
132,,4812,13982,6129,986,4813,13979,6193,989
132,,4812,13982,6129,986,4870,13995,6177,1047
132,,4813,13979,6193,989,4814,13972,6262,989
132,,4814,13972,6262,989,4815,13972,6262,989
132,,4815,13972,6262,989,4816,13972,6262,989
132,,4816,13972,6262,989,4817,13966,6326,980
132,,4817,13966,6326,980,4859,13963,6398,963
132,,4818,13961,6379,980,4817,13966,6326,980
132,,4819,13938,6446,992,4818,13961,6379,980
132,,4820,13913,6497,1013,4819,13938,6446,992
132,,4820,13913,6497,1013,4827,13859,6526,1020
132,,4821,13913,6540,1003,4820,13913,6497,1013
132,,4821,13913,6540,1003,4822,13908,6595,1003
132,,4822,13908,6595,1003,4823,13904,6656,990
132,,4823,13904,6656,990,4824,13900,6699,982
132,,4824,13900,6699,982,4825,13902,6827,981
132,,4825,13902,6827,981,4826,13897,6855,992
132,,4827,13859,6526,1020,4828,13833,6531,1020
132,,4828,13833,6531,1020,4829,13789,6555,1020
132,,4829,13789,6555,1020,4830,13767,6573,1013
132,,4830,13767,6573,1013,4831,13744,6607,1013
132,,4831,13744,6607,1013,4832,13719,6616,1015
132,,4832,13719,6616,1015,4833,13683,6621,1026
132,,4833,13683,6621,1026,4834,13655,6638,1034
132,,4834,13655,6638,1034,4835,13608,6658,1047
132,,4835,13608,6658,1047,4836,13586,6668,1051
132,,4836,13586,6668,1051,4837,13561,6702,1051
132,,4837,13561,6702,1051,4838,13560,6707,1051
132,,4838,13560,6707,1051,4839,13539,6726,1051
132,,4839,13539,6726,1051,4840,13498,6735,1051
132,,4840,13498,6735,1051,4841,13473,6752,1032
132,,4841,13473,6752,1032,4842,13423,6776,1026
132,,4842,13423,6776,1026,4843,13406,6796,1016
132,,4843,13406,6796,1016,4844,13385,6828,1000
132,,4844,13385,6828,1000,4845,13349,6859,990
132,,4845,13349,6859,990,4846,13335,6877,970
132,,4846,13335,6877,970,4847,13306,6893,943
132,,4847,13306,6893,943,4848,13290,6904,927
132,,4848,13290,6904,927,4849,13275,6955,918
132,,4849,13275,6955,918,4850,13250,6978,902
132,,4850,13250,6978,902,4851,13195,7018,858
132,,4851,13195,7018,858,4852,13149,7048,838
132,,4852,13149,7048,838,4853,13124,7074,840
132,,4853,13124,7074,840,4854,13110,7090,840
132,,4854,13110,7090,840,4855,13076,7099,840
132,,4855,13076,7099,840,4856,12994,7140,806
132,,4856,12994,7140,806,4857,12953,7154,793
132,,4857,12953,7154,793,4858,12896,7181,776
132,,4859,13963,6398,963,4860,13983,6436,949
132,,4860,13983,6436,949,4861,13986,6449,949
132,,4861,13986,6449,949,4862,13987,6517,926
132,,4862,13987,6517,926,4863,13996,6554,913
132,,4863,13996,6554,913,4864,14016,6628,925
132,,4864,14016,6628,925,4865,14039,6695,921
132,,4865,14039,6695,921,4866,14043,6728,913
132,,4866,14043,6728,913,4867,14050,6781,907
132,,4867,14050,6781,907,4868,14066,6835,898
132,,4868,14066,6835,898,4869,14087,6894,898
132,,4870,13995,6177,1047,4871,14011,6219,1076
132,,4871,14011,6219,1076,4872,14026,6247,1112
132,,4872,14026,6247,1112,4873,14034,6270,1140
132,,4873,14034,6270,1140,4874,14042,6304,1181
132,,4874,14042,6304,1181,4875,14034,6330,1210
132,,4875,14034,6330,1210,4876,14030,6340,1253
132,,4876,14030,6340,1253,4877,14034,6343,1293
132,,4877,14034,6343,1293,4878,14026,6340,1347
132,,4878,14026,6340,1347,4879,14020,6343,1385
132,,4879,14020,6343,1385,4880,14018,6366,1429
132,,4880,14018,6366,1429,4881,14011,6380,1466
132,,4882,13885,5517,945,4883,13896,5459,945
132,,4883,13896,5459,945,4884,13907,5421,992
132,,4884,13907,5421,992,4885,13915,5388,1040
132,,4885,13915,5388,1040,4886,13932,5346,1096
132,,4886,13932,5346,1096,4887,13943,5331,1114
132,,4887,13943,5331,1114,4888,13927,5319,1125
132,,4887,13943,5331,1114,4918,13972,5298,1131
132,,4888,13927,5319,1125,4889,13922,5311,1153
132,,4889,13922,5311,1153,4890,13922,5294,1181
132,,4890,13922,5294,1181,4891,13929,5291,1204
132,,4891,13929,5291,1204,4892,13939,5288,1230
132,,4892,13939,5288,1230,4893,13949,5283,1256
132,,4893,13949,5283,1256,4894,13941,5257,1274
132,,4893,13949,5283,1256,4900,13961,5294,1276
132,,4894,13941,5257,1274,4895,13940,5230,1294
132,,4895,13940,5230,1294,4896,13929,5200,1314
132,,4896,13929,5200,1314,4897,13928,5194,1328
132,,4897,13928,5194,1328,4898,13893,5164,1346
132,,4898,13893,5164,1346,4899,13873,5154,1378
132,,4900,13961,5294,1276,4901,13984,5330,1313
132,,4901,13984,5330,1313,4902,13990,5393,1350
132,,4902,13990,5393,1350,4903,14002,5449,1390
132,,4903,14002,5449,1390,4904,14028,5527,1439
132,,4904,14028,5527,1439,4905,14047,5572,1480
132,,4905,14047,5572,1480,4906,14059,5604,1509
132,,4906,14059,5604,1509,4907,14061,5626,1509
132,,4907,14061,5626,1509,4908,14060,5650,1535
132,,4908,14060,5650,1535,4909,14077,5666,1535
132,,4909,14077,5666,1535,4910,14113,5724,1578
132,,4910,14113,5724,1578,4911,14134,5756,1595
132,,4911,14134,5756,1595,4912,14151,5752,1598
132,,4911,14134,5756,1595,4914,14140,5803,1609
132,,4912,14151,5752,1598,4913,14162,5752,1609
132,,4914,14140,5803,1609,4915,14168,5859,1631
132,,4915,14168,5859,1631,4916,14195,5903,1647
132,,4916,14195,5903,1647,4917,14216,5947,1667
132,,4918,13972,5298,1131,4919,13975,5255,1141
132,,4919,13975,5255,1141,4920,13992,5221,1141
132,,4920,13992,5221,1141,4921,14012,5172,1144
132,,4921,14012,5172,1144,4922,14043,5127,1144
132,,4922,14043,5127,1144,4923,14106,5032,1144
132,,4923,14106,5032,1144,4924,14166,4956,1136
132,,4924,14166,4956,1136,4925,14202,4916,1127
132,,4925,14202,4916,1127,4926,14248,4892,1112
132,,4926,14248,4892,1112,4927,14297,4875,1097
132,,4927,14297,4875,1097,4928,14351,4836,1086
132,,4928,14351,4836,1086,4929,14397,4793,1089
132,,4929,14397,4793,1089,4930,14448,4777,1089
132,,4930,14448,4777,1089,4931,14494,4754,1089
132,,4931,14494,4754,1089,4932,14507,4743,1089
132,,4932,14507,4743,1089,4933,14536,4738,1089
132,,4933,14536,4738,1089,4934,14614,4739,1113
132,,4934,14614,4739,1113,4935,14666,4727,1152
132,,4935,14666,4727,1152,4936,14717,4704,1161
132,,4936,14717,4704,1161,4937,14772,4695,1173
132,,4937,14772,4695,1173,4938,14806,4709,1165
132,,4938,14806,4709,1165,4939,14839,4718,1152
132,,4939,14839,4718,1152,4940,14884,4728,1130
132,,4940,14884,4728,1130,4941,14974,4715,1118
132,,4941,14974,4715,1118,4942,15103,4658,1115
132,,4942,15103,4658,1115,4943,15208,4650,1118
132,,4943,15208,4650,1118,4944,15239,4640,1118
132,,4944,15239,4640,1118,4945,15293,4597,1118
132,,4945,15293,4597,1118,4946,15305,4594,1118
132,,4946,15305,4594,1118,4947,15348,4553,1118
132,,4947,15348,4553,1118,4948,15395,4492,1149
132,,4948,15395,4492,1149,4949,15419,4444,1165
132,,4949,15419,4444,1165,4950,15460,4383,1195
132,,4950,15460,4383,1195,4951,15488,4366,1212
138,L23_FIN,5412,6052,6349,684,5413,5872,6339,782
138,,5412,6052,6349,684,5439,6250,6331,730
138,,5412,6052,6349,684,5451,6019,6119,611
138,,5412,6052,6349,684,5475,6269,6406,575
138,,5412,6052,6349,684,5479,6075,6533,587
138,,5412,6052,6349,684,5549,6057,6204,874
138,,5413,5872,6339,782,5414,5665,6343,892
138,,5414,5665,6343,892,5415,5528,6379,956
138,,5415,5528,6379,956,5416,5176,6399,1223
138,,5416,5176,6399,1223,5417,5058,6399,1299
138,,5417,5058,6399,1299,5418,4943,6383,1360
138,,5418,4943,6383,1360,5419,4750,6375,1390
138,,5418,4943,6383,1360,5435,4887,6383,1472
138,,5419,4750,6375,1390,5420,4584,6407,1425
138,,5420,4584,6407,1425,5421,4454,6431,1428
138,,5421,4454,6431,1428,5422,4313,6469,1437
138,,5422,4313,6469,1437,5423,4188,6495,1487
138,,5423,4188,6495,1487,5424,4011,6503,1534
138,,5424,4011,6503,1534,5425,3871,6519,1584
138,,5425,3871,6519,1584,5426,3807,6557,1589
138,,5426,3807,6557,1589,5427,3741,6593,1609
138,,5427,3741,6593,1609,5428,3686,6627,1616
138,,5428,3686,6627,1616,5429,3614,6693,1613
138,,5429,3614,6693,1613,5430,3443,6785,1615
138,,5430,3443,6785,1615,5431,3338,6823,1641
138,,5431,3338,6823,1641,5432,3211,6889,1699
138,,5432,3211,6889,1699,5433,3090,6959,1733
138,,5433,3090,6959,1733,5434,2982,7005,1769
138,,5435,4887,6383,1472,5436,4812,6417,1596
138,,5436,4812,6417,1596,5437,4638,6417,1720
138,,5437,4638,6417,1720,5438,4556,6409,1775
138,,5439,6250,6331,730,5440,6324,6333,775
138,,5440,6324,6333,775,5441,6390,6333,806
138,,5441,6390,6333,806,5442,6490,6319,908
138,,5442,6490,6319,908,5443,6561,6359,952
138,,5443,6561,6359,952,5444,6644,6419,988
138,,5444,6644,6419,988,5445,6775,6431,998
138,,5445,6775,6431,998,5446,6837,6415,990
138,,5446,6837,6415,990,5447,6924,6437,998
138,,5447,6924,6437,998,5448,6998,6491,983
138,,5448,6998,6491,983,5449,7100,6537,1011
138,,5449,7100,6537,1011,5450,7202,6517,1075
138,,5451,6019,6119,611,5452,6007,5945,578
138,,5452,6007,5945,578,5453,6003,5896,567
138,,5453,6003,5896,567,5454,6023,5856,548
138,,5453,6003,5896,567,5460,5969,5704,579
138,,5453,6003,5896,567,5461,5963,5607,559
138,,5453,6003,5896,567,5467,5930,5847,543
138,,5454,6023,5856,548,5455,6113,5787,506
138,,5455,6113,5787,506,5456,6185,5734,516
138,,5456,6185,5734,516,5457,6253,5667,508
138,,5457,6253,5667,508,5458,6273,5623,472
138,,5458,6273,5623,472,5459,6273,5566,408
138,,5461,5963,5607,559,5462,5964,5489,559
138,,5462,5964,5489,559,5463,5957,5381,567
138,,5463,5957,5381,567,5464,5946,5325,597
138,,5464,5946,5325,597,5465,5939,5266,633
138,,5465,5939,5266,633,5466,5942,5229,661
138,,5467,5930,5847,543,5468,5834,5767,499
138,,5468,5834,5767,499,5469,5773,5738,457
138,,5469,5773,5738,457,5470,5712,5672,417
138,,5470,5712,5672,417,5471,5662,5643,391
138,,5471,5662,5643,391,5472,5593,5562,321
138,,5472,5593,5562,321,5473,5545,5509,275
138,,5473,5545,5509,275,5474,5509,5461,213
138,,5475,6269,6406,575,5476,6359,6406,547
138,,5476,6359,6406,547,5477,6406,6444,537
138,,5477,6406,6444,537,5478,6543,6498,529
138,,5479,6075,6533,587,5480,6071,6579,562
138,,5480,6071,6579,562,5481,6077,6730,524
138,,5481,6077,6730,524,5482,6146,6848,524
138,,5481,6077,6730,524,5505,6048,6834,488
138,,5482,6146,6848,524,5483,6155,6954,538
138,,5482,6146,6848,524,5503,6180,6873,498
138,,5483,6155,6954,538,5484,6207,7103,548
138,,5484,6207,7103,548,5485,6253,7201,526
138,,5485,6253,7201,526,5486,6296,7324,504
138,,5486,6296,7324,504,5487,6316,7453,490
138,,5487,6316,7453,490,5488,6390,7595,474
138,,5487,6316,7453,490,5496,6315,7508,520
138,,5488,6390,7595,474,5489,6399,7698,458
138,,5489,6399,7698,458,5490,6446,7766,458
138,,5490,6446,7766,458,5491,6491,7847,432
138,,5491,6491,7847,432,5492,6544,7899,418
138,,5492,6544,7899,418,5493,6581,7942,394
138,,5493,6581,7942,394,5494,6598,7957,372
138,,5494,6598,7957,372,5495,6627,7975,338
138,,5496,6315,7508,520,5497,6308,7555,562
138,,5497,6308,7555,562,5498,6296,7602,610
138,,5498,6296,7602,610,5499,6274,7643,646
138,,5499,6274,7643,646,5500,6301,7690,690
138,,5500,6301,7690,690,5501,6326,7747,722
138,,5501,6326,7747,722,5502,6368,7799,760
138,,5503,6180,6873,498,5504,6178,6910,454
138,,5505,6048,6834,488,5506,6057,7044,488
138,,5506,6057,7044,488,5507,6053,7101,506
138,,5507,6053,7101,506,5508,6065,7183,536
138,,5508,6065,7183,536,5509,6212,7318,552
138,,5508,6065,7183,536,5517,6021,7305,588
138,,5509,6212,7318,552,5510,6257,7392,540
138,,5510,6257,7392,540,5511,6313,7468,540
138,,5511,6313,7468,540,5512,6360,7503,592
138,,5512,6360,7503,592,5513,6389,7556,646
138,,5513,6389,7556,646,5514,6401,7624,668
138,,5514,6401,7624,668,5515,6431,7682,716
138,,5515,6431,7682,716,5516,6452,7722,746
138,,5517,6021,7305,588,5518,6009,7344,616
138,,5518,6009,7344,616,5519,5994,7387,644
138,,5519,5994,7387,644,5520,5978,7430,680
138,,5520,5978,7430,680,5521,5960,7512,732
138,,5521,5960,7512,732,5522,5933,7591,760
138,,5522,5933,7591,760,5523,5918,7649,794
138,,5523,5918,7649,794,5524,5914,7708,830
138,,5524,5914,7708,830,5525,5899,7745,858
138,,5525,5899,7745,858,5526,5866,7827,916
138,,5526,5866,7827,916,5527,5841,7893,954
138,,5527,5841,7893,954,5528,5814,7964,980
138,,5528,5814,7964,980,5529,5760,8078,1000
138,,5529,5760,8078,1000,5530,5755,8178,1028
138,,5530,5755,8178,1028,5531,5753,8248,1064
138,,5531,5753,8248,1064,5532,5744,8313,1104
138,,5532,5744,8313,1104,5533,5741,8398,1152
138,,5533,5741,8398,1152,5534,5737,8450,1194
138,,5534,5737,8450,1194,5535,5726,8523,1222
138,,5535,5726,8523,1222,5536,5710,8609,1240
138,,5536,5710,8609,1240,5537,5662,8738,1232
138,,5538,6026,6250,518,5539,5925,6236,404
138,,5539,5925,6236,404,5540,5898,6236,369
138,,5540,5898,6236,369,5541,5902,6248,260
138,,5540,5898,6236,369,5545,5818,6198,282
138,,5541,5902,6248,260,5542,5914,6278,213
138,,5542,5914,6278,213,5543,6039,6280,93
138,,5543,6039,6280,93,5544,6084,6234,80
138,,5545,5818,6198,282,5546,5773,6156,188
138,,5546,5773,6156,188,5547,5772,6118,151
138,,5547,5772,6118,151,5548,5719,6092,83
138,,5549,6057,6204,874,5550,6094,6161,930
138,,5550,6094,6161,930,5551,6158,6065,1064
138,,5551,6158,6065,1064,5552,6182,5991,1104
138,,5551,6158,6065,1064,5564,6173,6084,1088
138,,5552,6182,5991,1104,5553,6204,5906,1148
138,,5553,6204,5906,1148,5554,6200,5742,1204
138,,5554,6200,5742,1204,5555,6206,5645,1280
138,,5555,6206,5645,1280,5556,6224,5560,1347
138,,5556,6224,5560,1347,5557,6214,5436,1431
138,,5557,6214,5436,1431,5558,6194,5336,1516
138,,5558,6194,5336,1516,5559,6164,5205,1607
138,,5559,6164,5205,1607,5560,6160,5101,1651
138,,5560,6160,5101,1651,5561,6154,5002,1673
138,,5561,6154,5002,1673,5562,6176,4890,1710
138,,5562,6176,4890,1710,5563,6196,4763,1729
138,,5564,6173,6084,1088,5565,6197,6085,1114
138,,5565,6197,6085,1114,5566,6228,6088,1148
138,,5566,6228,6088,1148,5567,6271,6099,1210
138,,5567,6271,6099,1210,5568,6324,6125,1254
138,,5568,6324,6125,1254,5569,6407,6127,1294
138,,5569,6407,6127,1294,5570,6484,6212,1314
138,,5570,6484,6212,1314,5571,6556,6283,1332
138,,5571,6556,6283,1332,5572,6644,6314,1386
138,,5572,6644,6314,1386,5573,6681,6352,1438
146,L5_Pyramidal Neuron (PN) FIN_but not full neuron,6004,12189,4031,1,6005,12002,4051,1
146,,6004,12189,4031,1,6110,12283,4250,17
146,,6004,12189,4031,1,6154,12340,3999,20
146,,6005,12002,4051,1,6006,11847,4051,1
146,,6006,11847,4051,1,6007,11567,4022,104
146,,6006,11847,4051,1,6035,11742,3962,27
146,,6007,11567,4022,104,6008,11400,4022,167
146,,6007,11567,4022,104,6038,11503,4077,128
146,,6007,11567,4022,104,6054,11523,3957,172
146,,6008,11400,4022,167,6009,11160,3970,240
146,,6009,11160,3970,240,6068,11023,3947,283
146,,6010,10856,3891,337,6011,10733,3800,394
146,,6011,10733,3800,394,6012,10589,3800,493
146,,6011,10733,3800,394,6081,10714,3762,374
146,,6012,10589,3800,493,6013,10432,3751,588
146,,6012,10589,3800,493,6083,10516,3752,489
146,,6013,10432,3751,588,6014,10356,3734,657
146,,6013,10432,3751,588,6093,10388,3716,584
146,,6014,10356,3734,657,6015,10326,3734,691
146,,6015,10326,3734,691,6016,10240,3734,756
146,,6016,10240,3734,756,6017,10151,3702,829
146,,6017,10151,3702,829,6018,10132,3702,871
146,,6018,10132,3702,871,6019,10039,3702,924
146,,6019,10039,3702,924,6020,9929,3660,995
146,,6020,9929,3660,995,6021,9828,3660,1066
146,,6020,9929,3660,995,6097,9865,3606,1021
146,,6021,9828,3660,1066,6022,9730,3660,1105
146,,6022,9730,3660,1105,6023,9657,3600,1145
146,,6023,9657,3600,1145,6024,9438,3600,1220
146,,6024,9438,3600,1220,6025,9403,3572,1261
146,,6025,9403,3572,1261,6026,9293,3558,1296
146,,6026,9293,3558,1296,6027,9173,3558,1378
146,,6027,9173,3558,1378,6028,9097,3558,1423
146,,6028,9097,3558,1423,6029,9029,3558,1451
146,,6029,9029,3558,1451,6030,8949,3558,1533
146,,6030,8949,3558,1533,6031,8880,3529,1561
146,,6031,8880,3529,1561,6032,8772,3529,1649
146,,6032,8772,3529,1649,6033,8675,3529,1721
146,,6033,8675,3529,1721,6034,8590,3529,1784
146,,6035,11742,3962,27,6036,11721,3763,27
146,,6036,11721,3763,27,6037,11735,3681,1
146,,6038,11503,4077,128,6039,11495,4198,136
146,,6039,11495,4198,136,6040,11498,4310,136
146,,6040,11498,4310,136,6041,11489,4397,141
146,,6041,11489,4397,141,6042,11501,4489,149
146,,6041,11489,4397,141,6049,11494,4470,116
146,,6042,11501,4489,149,6043,11505,4582,184
146,,6043,11505,4582,184,6044,11517,4646,214
146,,6044,11517,4646,214,6045,11554,4706,250
146,,6045,11554,4706,250,6046,11603,4773,303
146,,6046,11603,4773,303,6047,11628,4829,337
146,,6047,11628,4829,337,6048,11640,4850,366
146,,6049,11494,4470,116,6050,11491,4552,72
146,,6050,11491,4552,72,6051,11499,4609,42
146,,6051,11499,4609,42,6052,11493,4686,42
146,,6052,11493,4686,42,6053,11507,4750,1
146,,6054,11523,3957,172,6055,11524,3876,203
146,,6055,11524,3876,203,6056,11523,3795,217
146,,6056,11523,3795,217,6057,11525,3664,224
146,,6057,11525,3664,224,6058,11529,3618,245
146,,6057,11525,3664,224,6061,11508,3604,202
146,,6058,11529,3618,245,6059,11548,3536,291
146,,6059,11548,3536,291,6060,11555,3503,319
146,,6061,11508,3604,202,6062,11496,3514,189
146,,6062,11496,3514,189,6063,11472,3358,184
146,,6063,11472,3358,184,6064,11445,3264,143
146,,6064,11445,3264,143,6065,11432,3185,110
146,,6065,11432,3185,110,6066,11399,3077,26
146,,6066,11399,3077,26,6067,11391,3024,1
146,,6068,11023,3947,283,6010,10856,3891,337
146,,6068,11023,3947,283,6069,11042,4054,288
146,,6069,11042,4054,288,6070,11061,4124,296
146,,6070,11061,4124,296,6071,11068,4157,296
146,,6071,11068,4157,296,6072,11069,4193,298
146,,6072,11069,4193,298,6073,11061,4264,298
146,,6073,11061,4264,298,6074,11058,4337,298
146,,6074,11058,4337,298,6075,11045,4480,292
146,,6075,11045,4480,292,6076,11047,4580,270
146,,6076,11047,4580,270,6077,11061,4703,277
146,,6077,11061,4703,277,6078,11108,4780,290
146,,6078,11108,4780,290,6079,11157,4888,296
146,,6079,11157,4888,296,6080,11191,4963,307
146,,6081,10714,3762,374,6082,10664,3694,320
146,,6083,10516,3752,489,6084,10494,3733,467
146,,6083,10516,3752,489,6087,10444,3732,479
146,,6084,10494,3733,467,6085,10472,3708,427
146,,6085,10472,3708,427,6086,10452,3685,395
146,,6087,10444,3732,479,6088,10374,3713,478
146,,6088,10374,3713,478,6089,10311,3709,461
146,,6089,10311,3709,461,6090,10277,3699,446
146,,6090,10277,3699,446,6091,10261,3690,444
146,,6091,10261,3690,444,6092,10233,3653,426
146,,6093,10388,3716,584,6094,10355,3725,505
146,,6094,10355,3725,505,6095,10303,3730,454
146,,6095,10303,3730,454,6096,10290,3744,420
146,,6097,9865,3606,1021,6098,9881,3509,1022
146,,6098,9881,3509,1022,6099,9909,3411,997
146,,6099,9909,3411,997,6100,9932,3362,979
146,,6100,9932,3362,979,6101,9992,3272,947
146,,6101,9992,3272,947,6102,10055,3235,931
146,,6102,10055,3235,931,6103,10130,3204,900
146,,6103,10130,3204,900,6104,10197,3183,855
146,,6104,10197,3183,855,6105,10284,3144,802
146,,6105,10284,3144,802,6106,10311,3116,765
146,,6106,10311,3116,765,6107,10319,3072,728
146,,6107,10319,3072,728,6108,10336,3030,693
146,,6108,10336,3030,693,6109,10349,3004,677
146,,6110,12283,4250,17,6111,12263,4297,57
146,,6110,12283,4250,17,6117,12362,4287,68
146,,6111,12263,4297,57,6112,12292,4335,125
146,,6112,12292,4335,125,6113,12318,4383,224
146,,6113,12318,4383,224,6114,12342,4396,282
146,,6114,12342,4396,282,6115,12379,4431,347
146,,6115,12379,4431,347,6116,12388,4450,397
146,,6116,12388,4450,397,6153,12391,4498,462
146,,6117,12362,4287,68,6118,12418,4312,137
146,,6118,12418,4312,137,6119,12471,4382,189
146,,6119,12471,4382,189,6120,12586,4494,262
146,,6120,12586,4494,262,6121,12646,4535,286
146,,6121,12646,4535,286,6122,12698,4529,276
146,,6121,12646,4535,286,6132,12678,4591,323
146,,6122,12698,4529,276,6123,12756,4567,234
146,,6123,12756,4567,234,6124,12817,4627,191
146,,6124,12817,4627,191,6125,12889,4648,163
146,,6125,12889,4648,163,6126,12927,4630,148
146,,6126,12927,4630,148,6127,13004,4631,150
146,,6127,13004,4631,150,6128,13097,4642,176
146,,6128,13097,4642,176,6129,13176,4691,198
146,,6129,13176,4691,198,6130,13244,4770,140
146,,6130,13244,4770,140,6131,13284,4905,68
146,,6132,12678,4591,323,6133,12734,4694,373
146,,6133,12734,4694,373,6134,12817,4765,431
146,,6134,12817,4765,431,6135,12907,4789,505
146,,6135,12907,4789,505,6136,12914,4765,528
146,,6135,12907,4789,505,6138,12940,4821,555
146,,6136,12914,4765,528,6137,12940,4726,604
146,,6138,12940,4821,555,6139,13010,4906,580
146,,6139,13010,4906,580,6140,13064,5031,616
146,,6140,13064,5031,616,6141,13109,5106,614
146,,6141,13109,5106,614,6142,13174,5274,614
146,,6142,13174,5274,614,6143,13201,5309,614
146,,6143,13201,5309,614,6144,13233,5354,614
146,,6144,13233,5354,614,6145,13264,5466,614
146,,6145,13264,5466,614,6146,13289,5538,605
146,,6146,13289,5538,605,6147,13303,5618,593
146,,6147,13303,5618,593,6148,13293,5716,562
146,,6148,13293,5716,562,6149,13308,5788,539
146,,6149,13308,5788,539,6150,13335,5883,501
146,,6150,13335,5883,501,6151,13363,5962,544
146,,6151,13363,5962,544,6152,13387,6023,617
146,,6154,12340,3999,20,6155,12422,3938,126
146,,6155,12422,3938,126,6156,12449,3904,163
146,,6156,12449,3904,163,6157,12445,3796,201
146,,6156,12449,3904,163,6162,12487,3869,217
146,,6157,12445,3796,201,6158,12454,3697,233
146,,6158,12454,3697,233,6159,12467,3598,285
146,,6159,12467,3598,285,6160,12486,3521,322
146,,6160,12486,3521,322,6161,12498,3445,365
146,,6162,12487,3869,217,6163,12510,3809,282
146,,6162,12487,3869,217,6164,12531,3896,211
146,,6164,12531,3896,211,6165,12558,3908,211
146,,6165,12558,3908,211,6166,12581,3940,211
146,,6166,12581,3940,211,6167,12667,3989,193
146,,6167,12667,3989,193,6168,12770,4071,159
146,,6168,12770,4071,159,6169,12880,4163,152
146,,6169,12880,4163,152,6170,12916,4202,146
146,,6170,12916,4202,146,6171,12964,4222,146
146,,6171,12964,4222,146,6172,12992,4250,146
146,,6172,12992,4250,146,6173,13089,4353,133
146,,6173,13089,4353,133,6174,13202,4455,143
146,,6174,13202,4455,143,6175,13255,4533,141
146,,6175,13255,4533,141,6176,13330,4651,108
146,,6176,13330,4651,108,6177,13388,4704,102
146,,6177,13388,4704,102,6178,13432,4772,103
146,,6178,13432,4772,103,6179,13488,4811,110
146,,6179,13488,4811,110,6180,13519,4807,112
146,,6180,13519,4807,112,6181,13562,4830,112
146,,6181,13562,4830,112,6182,13674,4878,165
146,,6182,13674,4878,165,6183,13761,4950,178
146,,6183,13761,4950,178,6184,13833,4993,183
146,,6184,13833,4993,183,6185,13896,5018,159
146,,6185,13896,5018,159,6186,13959,5072,174
146,,6186,13959,5072,174,6187,14028,5134,145
146,,6187,14028,5134,145,6188,14095,5200,79
146,,6188,14095,5200,79,6189,14149,5239,65
146,,6189,14149,5239,65,6190,14224,5357,27
146,,6190,14224,5357,27,6191,14267,5406,1
158,L4/5_Spiny Stellate Neuron (SSN)_fin,7758,11847,8567,843,7759,11589,8536,843
158,,7758,11847,8567,843,7885,12024,8555,913
158,,7758,11847,8567,843,7909,11871,8779,899
158,,7758,11847,8567,843,7921,11916,8803,848
158,,7758,11847,8567,843,7931,11909,8352,866
158,,7758,11847,8567,843,7955,12010,8639,788
158,,7758,11847,8567,843,7968,11842,8816,761
158,,7758,11847,8567,843,7986,11856,8828,715
158,,7758,11847,8567,843,8004,11810,8226,561
158,,7759,11589,8536,843,7760,11475,8530,926
158,,7760,11475,8530,926,7761,11488,8530,993
158,,7760,11475,8530,926,7782,11419,8564,931
158,,7760,11475,8530,926,7789,11319,8490,972
158,,7761,11488,8530,993,7762,11473,8491,1060
158,,7762,11473,8491,1060,7763,11479,8504,1157
158,,7763,11479,8504,1157,7764,11511,8528,1205
158,,7764,11511,8528,1205,7765,11526,8534,1227
158,,7765,11526,8534,1227,7766,11548,8570,1316
158,,7766,11548,8570,1316,7767,11557,8628,1382
158,,7767,11557,8628,1382,7768,11583,8699,1448
158,,7768,11583,8699,1448,7769,11632,8820,1499
158,,7769,11632,8820,1499,7770,11643,8873,1512
158,,7770,11643,8873,1512,7771,11655,8957,1529
158,,7771,11655,8957,1529,7772,11670,9012,1529
158,,7772,11670,9012,1529,7773,11687,9082,1543
158,,7773,11687,9082,1543,7774,11707,9180,1572
158,,7774,11707,9180,1572,7775,11718,9270,1593
158,,7775,11718,9270,1593,7776,11720,9375,1628
158,,7776,11720,9375,1628,7777,11736,9488,1687
158,,7777,11736,9488,1687,7778,11739,9572,1736
158,,7778,11739,9572,1736,7779,11749,9708,1781
158,,7779,11749,9708,1781,7780,11754,9745,1781
158,,7780,11754,9745,1781,7781,11774,9810,1786
158,,7782,11419,8564,931,7783,11402,8641,931
158,,7783,11402,8641,931,7784,11370,8746,944
158,,7784,11370,8746,944,7785,11362,8873,964
158,,7785,11362,8873,964,7786,11349,8960,1003
158,,7786,11349,8960,1003,7787,11324,9011,1027
158,,7787,11324,9011,1027,7788,11317,9042,1083
158,,7789,11319,8490,972,7790,11298,8428,972
158,,7789,11319,8490,972,7804,11246,8490,972
158,,7790,11298,8428,972,7791,11276,8335,960
158,,7791,11276,8335,960,7792,11281,8248,933
158,,7792,11281,8248,933,7793,11268,8092,887
158,,7793,11268,8092,887,7794,11259,7971,817
158,,7794,11259,7971,817,7795,11229,7852,772
158,,7795,11229,7852,772,7796,11183,7674,709
158,,7796,11183,7674,709,7797,11156,7526,619
158,,7797,11156,7526,619,7798,11154,7432,616
158,,7798,11154,7432,616,7799,11157,7389,616
158,,7799,11157,7389,616,7800,11198,7230,570
158,,7800,11198,7230,570,7801,11221,7054,545
158,,7801,11221,7054,545,7802,11262,6930,518
158,,7802,11262,6930,518,7803,11288,6868,468
158,,7804,11246,8490,972,7805,11158,8519,993
158,,7804,11246,8490,972,7822,11119,8481,1031
158,,7805,11158,8519,993,7806,11133,8554,972
158,,7806,11133,8554,972,7807,11112,8584,951
158,,7807,11112,8584,951,7808,11090,8602,919
158,,7808,11090,8602,919,7809,11046,8646,882
158,,7809,11046,8646,882,7810,11013,8714,827
158,,7810,11013,8714,827,7811,10992,8742,782
158,,7811,10992,8742,782,7812,10996,8861,752
158,,7812,10996,8861,752,7813,11019,8996,733
158,,7813,11019,8996,733,7814,11027,9089,690
158,,7814,11027,9089,690,7815,11041,9131,635
158,,7815,11041,9131,635,7816,11061,9161,598
158,,7817,11077,9178,551,7816,11061,9161,598
158,,7817,11077,9178,551,7818,11087,9222,500
158,,7818,11087,9222,500,7819,11084,9272,417
158,,7819,11084,9272,417,7820,11077,9304,353
158,,7820,11077,9304,353,7821,11064,9376,272
158,,7822,11119,8481,1031,7823,11002,8481,1141
158,,7823,11002,8481,1141,7824,11035,8512,1126
158,,7823,11002,8481,1141,7844,10896,8444,1213
158,,7824,11035,8512,1126,7825,11067,8638,1126
158,,7825,11067,8638,1126,7826,11095,8762,1120
158,,7826,11095,8762,1120,7827,11124,8882,1129
158,,7827,11124,8882,1129,7828,11135,8999,1129
158,,7828,11135,8999,1129,7829,11157,9071,1154
158,,7829,11157,9071,1154,7830,11176,9155,1172
158,,7830,11176,9155,1172,7831,11203,9228,1170
158,,7831,11203,9228,1170,7832,11214,9263,1165
158,,7832,11214,9263,1165,7833,11222,9304,1165
158,,7833,11222,9304,1165,7834,11267,9400,1165
158,,7834,11267,9400,1165,7835,11279,9473,1165
158,,7835,11279,9473,1165,7836,11296,9574,1146
158,,7836,11296,9574,1146,7837,11310,9652,1118
158,,7837,11310,9652,1118,7838,11340,9738,1109
158,,7838,11340,9738,1109,7839,11361,9793,1108
158,,7839,11361,9793,1108,7840,11371,9901,1096
158,,7840,11371,9901,1096,7841,11393,10046,1047
158,,7841,11393,10046,1047,7842,11379,10213,1018
158,,7842,11379,10213,1018,7843,11391,10336,984
158,,7844,10896,8444,1213,7845,10875,8458,1259
158,,7845,10875,8458,1259,7846,10898,8488,1259
158,,7845,10875,8458,1259,7853,10754,8388,1309
158,,7846,10898,8488,1259,7847,10926,8541,1307
158,,7847,10926,8541,1307,7848,10968,8643,1351
158,,7848,10968,8643,1351,7849,10999,8746,1405
158,,7849,10999,8746,1405,7850,11016,8854,1438
158,,7850,11016,8854,1438,7851,11038,9006,1454
158,,7851,11038,9006,1454,7852,11065,9108,1511
158,,7853,10754,8388,1309,7854,10699,8354,1270
158,,7853,10754,8388,1309,7864,10699,8375,1334
158,,7854,10699,8354,1270,7855,10664,8333,1229
158,,7855,10664,8333,1229,7856,10645,8310,1205
158,,7856,10645,8310,1205,7857,10599,8266,1169
158,,7857,10599,8266,1169,7858,10554,8242,1139
158,,7858,10554,8242,1139,7859,10497,8175,1135
158,,7859,10497,8175,1135,7860,10482,8162,1130
158,,7860,10482,8162,1130,7861,10462,8075,1130
158,,7861,10462,8075,1130,7862,10442,7977,1153
158,,7862,10442,7977,1153,7863,10420,7832,1190
158,,7864,10699,8375,1334,7865,10685,8332,1334
158,,7864,10699,8375,1334,7877,10598,8402,1428
158,,7865,10685,8332,1334,7866,10672,8256,1313
158,,7866,10672,8256,1313,7867,10684,8154,1315
158,,7867,10684,8154,1315,7868,10689,8061,1315
158,,7868,10689,8061,1315,7869,10682,7955,1310
158,,7869,10682,7955,1310,7870,10694,7788,1326
158,,7870,10694,7788,1326,7871,10668,7724,1312
158,,7871,10668,7724,1312,7872,10649,7628,1312
158,,7872,10649,7628,1312,7873,10646,7523,1305
158,,7873,10646,7523,1305,7874,10643,7423,1305
158,,7874,10643,7423,1305,7875,10616,7263,1275
158,,7875,10616,7263,1275,7876,10608,7181,1261
158,,7877,10598,8402,1428,7878,10457,8395,1574
158,,7878,10457,8395,1574,7879,10438,8399,1638
158,,7879,10438,8399,1638,7880,10451,8335,1669
158,,7879,10438,8399,1638,7882,10286,8425,1697
158,,7880,10451,8335,1669,7881,10470,8233,1762
158,,7882,10286,8425,1697,7883,10104,8408,1772
158,,7883,10104,8408,1772,7884,10059,8403,1786
158,,7885,12024,8555,913,7886,12112,8560,969
158,,7886,12112,8560,969,7887,12198,8560,991
158,,7887,12198,8560,991,7888,12296,8543,1088
158,,7888,12296,8543,1088,7889,12267,8509,1088
158,,7888,12296,8543,1088,7893,12295,8535,1143
158,,7888,12296,8543,1088,7895,12365,8565,1100
158,,7889,12267,8509,1088,7890,12278,8439,1149
158,,7890,12278,8439,1149,7891,12292,8390,1194
158,,7891,12292,8390,1194,7892,12318,8324,1264
158,,7893,12295,8535,1143,7894,12298,8591,1239
158,,7895,12365,8565,1100,7896,12454,8625,1111
158,,7896,12454,8625,1111,7897,12489,8629,1129
158,,7897,12489,8629,1129,7898,12533,8564,1158
158,,7897,12489,8629,1129,7902,12557,8744,1135
158,,7898,12533,8564,1158,7899,12545,8527,1158
158,,7899,12545,8527,1158,7900,12603,8424,1225
158,,7900,12603,8424,1225,7901,12621,8350,1291
158,,7902,12557,8744,1135,7903,12605,8864,1103
158,,7903,12605,8864,1103,7904,12622,9027,1118
158,,7904,12622,9027,1118,7905,12664,9169,1165
158,,7905,12664,9169,1165,7906,12702,9275,1218
158,,7906,12702,9275,1218,7907,12755,9417,1269
158,,7907,12755,9417,1269,7908,12785,9525,1304
158,,7909,11871,8779,899,7910,11905,8937,936
158,,7910,11905,8937,936,7911,11917,9013,998
158,,7911,11917,9013,998,7912,11914,9043,1041
158,,7912,11914,9043,1041,7913,11913,9197,1124
158,,7913,11913,9197,1124,7914,11901,9373,1244
158,,7914,11901,9373,1244,7915,11864,9558,1341
158,,7915,11864,9558,1341,7916,11812,9778,1437
158,,7916,11812,9778,1437,7917,11781,9891,1504
158,,7917,11781,9891,1504,7918,11774,10007,1555
158,,7918,11774,10007,1555,7919,11803,10190,1664
158,,7919,11803,10190,1664,7920,11833,10345,1786
158,,7921,11916,8803,848,7922,11952,8933,848
158,,7922,11952,8933,848,7923,12006,9054,876
158,,7923,12006,9054,876,7924,12085,9183,886
158,,7924,12085,9183,886,7925,12108,9195,886
158,,7925,12108,9195,886,7926,12152,9275,885
158,,7926,12152,9275,885,7927,12211,9347,885
158,,7927,12211,9347,885,7928,12250,9372,878
158,,7928,12250,9372,878,7929,12312,9388,849
158,,7929,12312,9388,849,7930,12372,9442,840
158,,7931,11909,8352,866,7932,11956,8127,866
158,,7932,11956,8127,866,7933,12020,8049,866
158,,7932,11956,8127,866,7950,11923,7965,809
158,,7933,12020,8049,866,7934,12089,7974,931
158,,7934,12089,7974,931,7935,12106,7902,1032
158,,7935,12106,7902,1032,7936,12129,7813,1113
158,,7936,12129,7813,1113,7937,12155,7770,1148
158,,7937,12155,7770,1148,7938,12183,7698,1235
158,,7938,12183,7698,1235,7939,12203,7680,1235
158,,7938,12183,7698,1235,7946,12136,7584,1307
158,,7939,12203,7680,1235,7940,12261,7565,1358
158,,7940,12261,7565,1358,7941,12292,7501,1410
158,,7941,12292,7501,1410,7942,12377,7340,1541
158,,7942,12377,7340,1541,7943,12445,7257,1578
158,,7943,12445,7257,1578,7944,12507,7127,1653
158,,7944,12507,7127,1653,7945,12566,7018,1755
158,,7946,12136,7584,1307,7947,12074,7460,1399
158,,7947,12074,7460,1399,7948,12077,7360,1455
158,,7948,12077,7360,1455,7949,12045,7258,1547
158,,7950,11923,7965,809,7951,11902,7905,803
158,,7951,11902,7905,803,7952,11883,7632,816
158,,7952,11883,7632,816,7953,11858,7517,748
158,,7953,11858,7517,748,7954,11840,7477,709
158,,7955,12010,8639,788,7956,12118,8639,728
158,,7956,12118,8639,728,7957,12206,8629,679
158,,7957,12206,8629,679,7958,12251,8629,635
158,,7958,12251,8629,635,7959,12354,8629,588
158,,7959,12354,8629,588,7960,12407,8606,554
158,,7960,12407,8606,554,7961,12505,8615,499
158,,7961,12505,8615,499,7962,12598,8657,421
158,,7962,12598,8657,421,7963,12758,8705,344
158,,7963,12758,8705,344,7964,12942,8787,241
158,,7964,12942,8787,241,7965,13099,8879,140
158,,7965,13099,8879,140,7966,13189,8894,83
158,,7966,13189,8894,83,7967,13316,8908,5
158,,7968,11842,8816,761,7969,11818,8893,760
158,,7969,11818,8893,760,7970,11805,8950,760
158,,7970,11805,8950,760,7971,11792,9071,690
158,,7971,11792,9071,690,7972,11784,9139,655
158,,7972,11784,9139,655,7973,11768,9184,606
158,,7973,11768,9184,606,7974,11763,9372,547
158,,7974,11763,9372,547,7975,11735,9452,520
158,,7975,11735,9452,520,7976,11730,9570,489
158,,7976,11730,9570,489,7977,11712,9698,429
158,,7977,11712,9698,429,7978,11703,9819,410
158,,7978,11703,9819,410,7979,11697,9856,394
158,,7979,11697,9856,394,7980,11711,9918,395
158,,7980,11711,9918,395,7981,11709,9990,393
158,,7981,11709,9990,393,7982,11705,10079,406
158,,7982,11705,10079,406,7983,11689,10204,412
158,,7983,11689,10204,412,7984,11624,10331,391
158,,7984,11624,10331,391,7985,11554,10432,345
158,,7986,11856,8828,715,7987,11874,8926,629
158,,7987,11874,8926,629,7988,11877,9028,515
158,,7988,11877,9028,515,7989,11945,9111,425
158,,7989,11945,9111,425,7990,12017,9180,340
158,,7990,12017,9180,340,7991,12059,9281,340
158,,7991,12059,9281,340,7992,12115,9376,388
158,,7992,12115,9376,388,7993,12153,9486,435
158,,7993,12153,9486,435,7994,12212,9596,488
158,,7994,12212,9596,488,7995,12260,9689,577
158,,7995,12260,9689,577,7996,12268,9767,586
158,,7996,12268,9767,586,7997,12314,9940,646
158,,7997,12314,9940,646,7998,12369,9955,658
158,,7997,12314,9940,646,8001,12338,10088,652
158,,7998,12369,9955,658,7999,12450,9997,685
158,,7999,12450,9997,685,8000,12515,10027,694
158,,8001,12338,10088,652,8002,12348,10168,634
158,,8002,12348,10168,634,8003,12368,10279,620
158,,8004,11810,8226,561,8005,11780,8136,494
158,,8005,11780,8136,494,8006,11765,8117,464
158,,8005,11780,8136,494,8012,11765,8041,465
158,,8006,11765,8117,464,8007,11721,8091,369
158,,8007,11721,8091,369,8008,11677,8031,265
158,,8008,11677,8031,265,8009,11643,8035,207
158,,8009,11643,8035,207,8010,11636,8010,109
158,,8010,11636,8010,109,8011,11679,8010,30
158,,8012,11765,8041,465,8013,11743,7951,441
158,,8013,11743,7951,441,8014,11743,7885,410
158,,8014,11743,7885,410,8015,11734,7766,400
158,,8015,11734,7766,400,8016,11734,7682,383
158,,8016,11734,7682,383,8017,11749,7611,378
158,,8017,11749,7611,378,8018,11761,7570,376
158,,8018,11761,7570,376,8019,11719,7464,376
170,L4/5 _ssn or pn??_FIN,8554,11425,6651,901,8555,11263,6664,990
170,,8554,11425,6651,901,8582,11467,6429,896
170,,8554,11425,6651,901,8593,11586,6659,877
170,,8554,11425,6651,901,8628,11569,6745,842
170,,8554,11425,6651,901,8687,11405,6435,798
170,,8554,11425,6651,901,8720,11457,6780,807
170,,8554,11425,6651,901,8721,11574,6623,802
170,,8554,11425,6651,901,8722,11442,6807,770
170,,8555,11263,6664,990,8557,11195,6688,1052
170,,8556,10961,6682,1240,8557,11195,6688,1052
170,,8556,10961,6682,1240,8629,10897,6692,1312
170,,8557,11195,6688,1052,8558,11206,6757,1058
170,,8558,11206,6757,1058,8559,11228,6916,1069
170,,8559,11228,6916,1069,8560,11268,7141,1051
170,,8560,11268,7141,1051,8561,11261,7271,1063
170,,8561,11261,7271,1063,8562,11339,7393,1073
170,,8562,11339,7393,1073,8563,11351,7466,1049
170,,8563,11351,7466,1049,8564,11379,7502,1045
170,,8564,11379,7502,1045,8565,11448,7619,1003
170,,8565,11448,7619,1003,8566,11502,7694,949
170,,8566,11502,7694,949,8567,11688,7854,871
170,,8567,11688,7854,871,8568,11757,7908,851
170,,8568,11757,7908,851,8569,11812,7977,827
170,,8569,11812,7977,827,8570,11853,8064,807
170,,8570,11853,8064,807,8571,11842,8173,787
170,,8571,11842,8173,787,8572,11853,8202,709
170,,8572,11853,8202,709,8573,11928,8263,659
170,,8573,11928,8263,659,8574,11988,8296,641
170,,8574,11988,8296,641,8575,12038,8303,651
170,,8575,12038,8303,651,8576,12125,8389,629
170,,8576,12125,8389,629,8577,12162,8469,621
170,,8577,12162,8469,621,8578,12234,8541,591
170,,8578,12234,8541,591,8579,12290,8703,519
170,,8579,12290,8703,519,8580,12323,8772,453
170,,8580,12323,8772,453,8581,12358,8788,427
170,,8582,11467,6429,896,8583,11507,6252,942
170,,8583,11507,6252,942,8584,11516,6195,980
170,,8584,11516,6195,980,8585,11511,6104,980
170,,8585,11511,6104,980,8586,11518,6050,968
170,,8586,11518,6050,968,8587,11578,5905,968
170,,8587,11578,5905,968,8588,11621,5847,950
170,,8588,11621,5847,950,8589,11645,5758,927
170,,8589,11645,5758,927,8590,11720,5600,927
170,,8590,11720,5600,927,8591,11775,5559,908
170,,8591,11775,5559,908,8592,11804,5581,850
170,,8593,11586,6659,877,8594,11657,6659,915
170,,8594,11657,6659,915,8595,11705,6687,930
170,,8595,11705,6687,930,8596,11732,6745,964
170,,8595,11705,6687,930,8615,11751,6660,950
170,,8596,11732,6745,964,8597,11835,6822,989
170,,8597,11835,6822,989,8598,11844,6842,989
170,,8598,11844,6842,989,8599,11894,6869,985
170,,8599,11894,6869,985,8600,11940,6912,985
170,,8600,11940,6912,985,8601,12045,6988,973
170,,8601,12045,6988,973,8602,12133,7063,935
170,,8602,12133,7063,935,8603,12168,7103,931
170,,8603,12168,7103,931,8604,12204,7180,955
170,,8604,12204,7180,955,8605,12260,7241,1009
170,,8605,12260,7241,1009,8606,12280,7269,1031
170,,8606,12280,7269,1031,8607,12323,7285,1055
170,,8607,12323,7285,1055,8608,12383,7338,1101
170,,8608,12383,7338,1101,8609,12420,7354,1109
170,,8609,12420,7354,1109,8610,12452,7333,1137
170,,8610,12452,7333,1137,8611,12548,7393,1179
170,,8611,12548,7393,1179,8612,12633,7426,1267
170,,8612,12633,7426,1267,8613,12691,7456,1293
170,,8613,12691,7456,1293,8614,12729,7478,1321
170,,8615,11751,6660,950,8616,11837,6593,998
170,,8616,11837,6593,998,8617,11927,6442,1058
170,,8617,11927,6442,1058,8618,11970,6348,1110
170,,8618,11970,6348,1110,8619,12019,6255,1106
170,,8619,12019,6255,1106,8620,12048,6134,1102
170,,8620,12048,6134,1102,8621,12141,5989,1096
170,,8621,12141,5989,1096,8622,12256,5878,1128
170,,8622,12256,5878,1128,8623,12317,5801,1143
170,,8623,12317,5801,1143,8624,12356,5733,1151
170,,8624,12356,5733,1151,8625,12394,5686,1179
170,,8625,12394,5686,1179,8626,12447,5635,1187
170,,8626,12447,5635,1187,8627,12460,5453,1213
170,,8629,10897,6692,1312,8630,10861,6591,1337
170,,8629,10897,6692,1312,8660,10803,6703,1391
170,,8630,10861,6591,1337,8631,10827,6474,1337
170,,8631,10827,6474,1337,8632,10827,6423,1337
170,,8632,10827,6423,1337,8633,10825,6377,1347
170,,8633,10825,6377,1347,8634,10837,6350,1347
170,,8634,10837,6350,1347,8635,10840,6294,1347
170,,8635,10840,6294,1347,8636,10867,6210,1384
170,,8636,10867,6210,1384,8637,10896,6166,1434
170,,8637,10896,6166,1434,8638,10914,6128,1466
170,,8638,10914,6128,1466,8639,10918,6123,1485
170,,8639,10918,6123,1485,8640,10950,6086,1525
170,,8640,10950,6086,1525,8641,10981,5935,1581
170,,8641,10981,5935,1581,8642,11043,5781,1629
170,,8642,11043,5781,1629,8643,11066,5719,1677
170,,8643,11066,5719,1677,8644,11047,5652,1697
170,,8644,11047,5652,1697,8645,11068,5581,1715
170,,8645,11068,5581,1715,8646,11086,5442,1733
170,,8646,11086,5442,1733,8647,11099,5278,1697
170,,8647,11099,5278,1697,8648,11119,5191,1667
170,,8648,11119,5191,1667,8649,11172,5091,1631
170,,8649,11172,5091,1631,8650,11197,5048,1597
170,,8650,11197,5048,1597,8651,11246,4995,1597
170,,8651,11246,4995,1597,8652,11282,4974,1613
170,,8652,11282,4974,1613,8653,11300,4929,1613
170,,8653,11300,4929,1613,8654,11320,4901,1633
170,,8654,11320,4901,1633,8655,11376,4811,1683
170,,8655,11376,4811,1683,8656,11400,4795,1707
170,,8656,11400,4795,1707,8657,11404,4729,1715
170,,8657,11404,4729,1715,8658,11426,4576,1729
170,,8658,11426,4576,1729,8659,11427,4485,1767
170,,8660,10803,6703,1391,8661,10573,6749,1494
170,,8661,10573,6749,1494,8662,10576,6750,1552
170,,8661,10573,6749,1494,8664,10413,6751,1584
170,,8662,10576,6750,1552,8663,10652,6737,1665
170,,8664,10413,6751,1584,8665,10397,6679,1574
170,,8664,10413,6751,1584,8682,10318,6754,1640
170,,8665,10397,6679,1574,8666,10394,6549,1550
170,,8666,10394,6549,1550,8667,10392,6386,1568
170,,8667,10392,6386,1568,8668,10406,6307,1562
170,,8668,10406,6307,1562,8669,10415,6120,1502
170,,8669,10415,6120,1502,8670,10470,6029,1434
170,,8670,10470,6029,1434,8671,10527,5951,1410
170,,8671,10527,5951,1410,8672,10572,5875,1405
170,,8672,10572,5875,1405,8673,10621,5770,1381
170,,8673,10621,5770,1381,8674,10680,5686,1381
170,,8674,10680,5686,1381,8675,10706,5604,1417
170,,8675,10706,5604,1417,8676,10715,5533,1431
170,,8676,10715,5533,1431,8677,10759,5391,1494
170,,8677,10759,5391,1494,8678,10754,5322,1494
170,,8678,10754,5322,1494,8679,10768,5285,1494
170,,8679,10768,5285,1494,8680,10800,5130,1363
170,,8680,10800,5130,1363,8681,10824,5051,1319
170,,8682,10318,6754,1640,8683,10172,6801,1744
170,,8683,10172,6801,1744,8684,10215,6762,1764
170,,8683,10172,6801,1744,8686,10038,6828,1786
170,,8684,10215,6762,1764,8685,10224,6722,1786
170,,8687,11405,6435,798,8688,11367,6296,694
170,,8688,11367,6296,694,8689,11342,6271,679
170,,8688,11367,6296,694,8703,11368,6242,674
170,,8689,11342,6271,679,8690,11320,6257,672
170,,8690,11320,6257,672,8691,11297,6201,674
170,,8691,11297,6201,674,8692,11273,6114,689
170,,8692,11273,6114,689,8693,11256,6042,701
170,,8693,11256,6042,701,8694,11255,5989,704
170,,8694,11255,5989,704,8695,11242,5821,720
170,,8695,11242,5821,720,8696,11239,5712,739
170,,8696,11239,5712,739,8697,11216,5636,730
170,,8697,11216,5636,730,8698,11225,5541,716
170,,8698,11225,5541,716,8699,11213,5473,718
170,,8699,11213,5473,718,8700,11191,5428,704
170,,8700,11191,5428,704,8701,11170,5372,684
170,,8701,11170,5372,684,8702,11147,5338,656
170,,8703,11368,6242,674,8704,11383,6185,619
170,,8704,11383,6185,619,8705,11408,6064,577
170,,8705,11408,6064,577,8706,11473,5977,545
170,,8705,11408,6064,577,8713,11379,6004,571
170,,8706,11473,5977,545,8707,11510,5891,513
170,,8707,11510,5891,513,8708,11528,5838,501
170,,8708,11528,5838,501,8709,11542,5827,499
170,,8709,11542,5827,499,8710,11566,5754,494
170,,8710,11566,5754,494,8711,11556,5690,429
170,,8711,11556,5690,429,8712,11560,5590,347
170,,8713,11379,6004,571,8714,11365,5933,571
170,,8714,11365,5933,571,8715,11350,5886,557
170,,8715,11350,5886,557,8716,11336,5765,521
170,,8716,11336,5765,521,8717,11302,5629,446
170,,8717,11302,5629,446,8718,11287,5499,368
170,,8718,11287,5499,368,8719,11238,5345,302
170,,8721,11574,6623,802,8753,11686,6607,758
170,,8722,11442,6807,770,8723,11425,6816,730
170,,8723,11425,6816,730,8724,11415,6841,670
170,,8724,11415,6841,670,8725,11418,6912,606
170,,8725,11418,6912,606,8726,11419,6953,579
170,,8726,11419,6953,579,8727,11419,7007,542
170,,8727,11419,7007,542,8728,11421,7078,501
170,,8728,11421,7078,501,8729,11413,7112,498
170,,8728,11421,7078,501,8748,11451,7100,490
170,,8729,11413,7112,498,8730,11405,7191,473
170,,8730,11405,7191,473,8731,11366,7327,403
170,,8731,11366,7327,403,8732,11351,7366,395
170,,8732,11351,7366,395,8733,11342,7405,395
170,,8733,11342,7405,395,8734,11327,7432,395
170,,8734,11327,7432,395,8735,11286,7546,328
170,,8735,11286,7546,328,8736,11236,7642,240
170,,8736,11236,7642,240,8737,11182,7789,205
170,,8737,11182,7789,205,8738,11179,7840,204
170,,8738,11179,7840,204,8739,11161,7921,174
170,,8739,11161,7921,174,8740,11162,8002,170
170,,8740,11162,8002,170,8741,11158,8064,158
170,,8741,11158,8064,158,8742,11152,8092,142
170,,8742,11152,8092,142,8743,11121,8218,98
170,,8743,11121,8218,98,8744,11104,8241,98
170,,8744,11104,8241,98,8745,11076,8280,72
170,,8745,11076,8280,72,8746,11049,8340,42
170,,8746,11049,8340,42,8747,11019,8352,1
170,,8748,11451,7100,490,8749,11486,7196,471
170,,8749,11486,7196,471,8750,11499,7246,457
170,,8750,11499,7246,457,8751,11532,7290,457
170,,8751,11532,7290,457,8752,11566,7331,422
170,,8753,11686,6607,758,8754,11735,6602,720
170,,8754,11735,6602,720,8755,11828,6610,682
170,,8755,11828,6610,682,8756,11881,6652,639
170,,8756,11881,6652,639,8757,11964,6614,596
170,,8757,11964,6614,596,8758,12015,6602,588
170,,8758,12015,6602,588,8759,12060,6601,566
170,,8759,12060,6601,566,8760,12128,6593,522
170,,8760,12128,6593,522,8761,12162,6593,496
170,,8761,12162,6593,496,8762,12187,6593,487
170,,8762,12187,6593,487,8763,12206,6593,476
170,,8763,12206,6593,476,8764,12240,6593,458
170,,8764,12240,6593,458,8765,12318,6542,368
170,,8765,12318,6542,368,8766,12390,6504,283
170,,8766,12390,6504,283,8767,12437,6513,245
170,,8767,12437,6513,245,8768,12510,6567,205
170,,8768,12510,6567,205,8769,12543,6577,182
170,,8769,12543,6577,182,8770,12612,6592,141
170,,8770,12612,6592,141,8771,12702,6596,63
170,,8771,12702,6596,63,8772,12764,6617,29
170,,8771,12702,6596,63,8773,12810,6620,21
170,,8773,12810,6620,21,8774,12893,6653,36
170,,8774,12893,6653,36,8775,12927,6651,24
170,,8775,12927,6651,24,8776,13018,6708,7
409,.,9036,6712,7414,1119,9037,6519,7413,1144
409,,9036,6712,7414,1119,9070,6880,7479,1107
409,,9036,6712,7414,1119,9076,6794,7543,1175
409,,9036,6712,7414,1119,9195,6805,7238,1247
409,,9037,6519,7413,1144,9038,6075,7499,1270
409,,9038,6075,7499,1270,9039,6044,7630,1250
409,,9038,6075,7499,1270,9046,5960,7499,1331
409,,9039,6044,7630,1250,9040,6042,7696,1244
409,,9040,6042,7696,1244,9041,6047,7746,1272
409,,9040,6042,7696,1244,9042,6049,7762,1226
409,,9042,6049,7762,1226,9043,6053,7773,1208
409,,9043,6053,7773,1208,9044,6054,7782,1193
409,,9044,6054,7782,1193,9045,6053,7794,1168
409,,9046,5960,7499,1331,9047,5876,7480,1389
409,,9047,5876,7480,1389,9048,5878,7495,1425
409,,9047,5876,7480,1389,9061,5800,7472,1389
409,,9048,5878,7495,1425,9049,5876,7506,1437
409,,9049,5876,7506,1437,9050,5877,7526,1453
409,,9050,5877,7526,1453,9051,5882,7536,1467
409,,9051,5882,7536,1467,9052,5893,7552,1485
409,,9052,5893,7552,1485,9053,5908,7581,1514
409,,9053,5908,7581,1514,9054,5925,7607,1533
409,,9054,5925,7607,1533,9055,5939,7633,1560
409,,9055,5939,7633,1560,9056,5946,7633,1593
409,,9055,5939,7633,1560,9060,5949,7747,1562
409,,9056,5946,7633,1593,9057,5967,7631,1610
409,,9057,5967,7631,1610,9058,5989,7637,1637
409,,9058,5989,7637,1637,9059,6023,7638,1704
409,,9061,5800,7472,1389,9062,5707,7451,1428
409,,9062,5707,7451,1428,9063,5621,7461,1453
409,,9063,5621,7461,1453,9064,5492,7461,1552
409,,9064,5492,7461,1552,9065,5372,7444,1610
409,,9065,5372,7444,1610,9066,5257,7433,1658
409,,9066,5257,7433,1658,9067,5081,7467,1706
409,,9067,5081,7467,1706,9068,4971,7500,1735
409,,9068,4971,7500,1735,9069,4812,7533,1782
409,,9070,6880,7479,1107,9071,7015,7510,1079
409,,9071,7015,7510,1079,9072,7106,7539,1065
409,,9072,7106,7539,1065,9073,7198,7578,1021
409,,9073,7198,7578,1021,9074,7256,7589,988
409,,9074,7256,7589,988,9075,7296,7592,963
409,,9076,6794,7543,1175,9077,6921,7836,1168
409,,9077,6921,7836,1168,9078,6946,7877,1204
409,,9078,6946,7877,1204,9079,6973,7940,1245
409,,9079,6973,7940,1245,9080,6997,7937,1260
409,,9080,6997,7937,1260,9081,7015,7956,1273
409,,9081,7015,7956,1273,9082,7043,7968,1286
409,,9082,7043,7968,1286,9083,7043,7970,1298
409,,9083,7043,7970,1298,9084,7072,7976,1314
409,,9084,7072,7976,1314,9085,7122,7983,1339
409,,9085,7122,7983,1339,9086,7167,7992,1355
409,,9086,7167,7992,1355,9087,7197,7990,1376
409,,9087,7197,7990,1376,9088,7229,8014,1408
409,,9088,7229,8014,1408,9089,7243,8023,1426
409,,9089,7243,8023,1426,9090,7260,8047,1452
409,,9090,7260,8047,1452,9091,7277,8063,1467
409,,9091,7277,8063,1467,9092,7286,8080,1491
409,,9092,7286,8080,1491,9093,7297,8086,1518
409,,9093,7297,8086,1518,9094,7315,8095,1541
409,,9094,7315,8095,1541,9095,7337,8120,1579
409,,9095,7337,8120,1579,9096,7361,8131,1599
409,,9096,7361,8131,1599,9097,6587,7270,996
409,,9097,6587,7270,996,9098,6576,7219,957
409,,9098,6576,7219,957,9099,6569,7209,936
409,,9099,6569,7209,936,9100,6524,7110,928
409,,9099,6569,7209,936,9153,6578,7214,909
409,,9100,6524,7110,928,9101,6503,7040,927
409,,9101,6503,7040,927,9102,6504,7008,939
409,,9102,6504,7008,939,9103,6492,6944,943
409,,9103,6492,6944,943,9104,6481,6865,956
409,,9104,6481,6865,956,9105,6479,6847,969
409,,9105,6479,6847,969,9106,6475,6801,983
409,,9106,6475,6801,983,9107,6470,6759,1002
409,,9107,6470,6759,1002,9108,6471,6721,1018
409,,9108,6471,6721,1018,9109,6481,6597,1069
409,,9109,6481,6597,1069,9110,6489,6551,1067
409,,9109,6481,6597,1069,9127,6459,6570,1080
409,,9110,6489,6551,1067,9111,6502,6512,1072
409,,9111,6502,6512,1072,9112,6508,6444,1095
409,,9112,6508,6444,1095,9113,6516,6335,1126
409,,9113,6516,6335,1126,9114,6513,6293,1166
409,,9114,6513,6293,1166,9115,6498,6240,1198
409,,9115,6498,6240,1198,9116,6476,6169,1222
409,,9116,6476,6169,1222,9117,6458,6118,1215
409,,9117,6458,6118,1215,9118,6451,6031,1212
409,,9118,6451,6031,1212,9119,6451,5951,1238
409,,9119,6451,5951,1238,9120,6430,5864,1240
409,,9120,6430,5864,1240,9121,6430,5694,1247
409,,9121,6430,5694,1247,9122,6427,5620,1275
409,,9122,6427,5620,1275,9123,6396,5585,1303
409,,9123,6396,5585,1303,9124,6377,5576,1314
409,,9124,6377,5576,1314,9125,6349,5560,1330
409,,9125,6349,5560,1330,9126,6298,5497,1380
409,,9127,6459,6570,1080,9128,6451,6553,1091
409,,9128,6451,6553,1091,9129,6423,6512,1106
409,,9129,6423,6512,1106,9130,6420,6490,1118
409,,9130,6420,6490,1118,9131,6415,6455,1136
409,,9131,6415,6455,1136,9132,6399,6415,1147
409,,9132,6399,6415,1147,9133,6383,6393,1157
409,,9133,6383,6393,1157,9134,6373,6367,1173
409,,9134,6373,6367,1173,9135,6361,6343,1191
409,,9135,6361,6343,1191,9136,6330,6299,1210
409,,9136,6330,6299,1210,9137,6301,6265,1225
409,,9137,6301,6265,1225,9138,6267,6222,1253
409,,9138,6267,6222,1253,9139,6179,6131,1289
409,,9139,6179,6131,1289,9140,6140,6109,1307
409,,9140,6140,6109,1307,9141,6068,6089,1307
409,,9141,6068,6089,1307,9142,6029,6083,1327
409,,9142,6029,6083,1327,9143,5973,6072,1346
409,,9143,5973,6072,1346,9144,5910,6021,1363
409,,9144,5910,6021,1363,9145,5883,6011,1386
409,,9145,5883,6011,1386,9146,5861,6010,1404
409,,9146,5861,6010,1404,9147,5815,5996,1423
409,,9147,5815,5996,1423,9148,5793,5989,1443
409,,9148,5793,5989,1443,9149,5770,5987,1461
409,,9149,5770,5987,1461,9150,5725,5970,1470
409,,9150,5725,5970,1470,9151,5699,5947,1488
409,,9151,5699,5947,1488,9152,5648,5915,1507
409,,9153,6578,7214,909,9154,6572,7200,887
409,,9154,6572,7200,887,9155,6571,7187,862
409,,9155,6571,7187,862,9156,6577,7192,835
409,,9156,6577,7192,835,9157,6559,7134,811
409,,9156,6577,7192,835,9185,6590,7207,809
409,,9157,6559,7134,811,9158,6543,7084,793
409,,9158,6543,7084,793,9159,6533,7035,766
409,,9159,6533,7035,766,9160,6522,6992,745
409,,9160,6522,6992,745,9161,6512,6957,724
409,,9161,6512,6957,724,9162,6502,6923,695
409,,9162,6502,6923,695,9163,6489,6870,674
409,,9163,6489,6870,674,9164,6473,6839,640
409,,9164,6473,6839,640,9165,6473,6816,614
409,,9165,6473,6816,614,9166,6459,6751,559
409,,9166,6459,6751,559,9167,6447,6729,539
409,,9167,6447,6729,539,9168,6454,6664,515
409,,9167,6447,6729,539,9178,6440,6726,517
409,,9168,6454,6664,515,9169,6450,6628,496
409,,9169,6450,6628,496,9170,6442,6603,474
409,,9170,6442,6603,474,9171,6442,6548,451
409,,9171,6442,6548,451,9172,6449,6486,436
409,,9172,6449,6486,436,9173,6457,6420,422
409,,9173,6457,6420,422,9174,6449,6384,401
409,,9174,6449,6384,401,9175,6466,6316,387
409,,9175,6466,6316,387,9176,6475,6242,372
409,,9176,6475,6242,372,9177,6504,6150,333
409,,9178,6440,6726,517,9179,6428,6735,497
409,,9179,6428,6735,497,9180,6413,6735,477
409,,9180,6413,6735,477,9181,6385,6721,460
409,,9181,6385,6721,460,9182,6340,6700,437
409,,9182,6340,6700,437,9183,6302,6692,411
409,,9183,6302,6692,411,9184,6291,6688,395
409,,9185,6590,7207,809,9186,6600,7224,781
409,,9186,6600,7224,781,9187,6605,7235,754
409,,9187,6605,7235,754,9188,6603,7257,725
409,,9188,6603,7257,725,9189,6597,7268,693
409,,9189,6597,7268,693,9190,6592,7301,610
409,,9190,6592,7301,610,9191,6588,7391,500
409,,9191,6588,7391,500,9192,6575,7425,457
409,,9192,6575,7425,457,9193,6537,7438,406
409,,9193,6537,7438,406,9194,6537,7470,335
409,,9195,6805,7238,1247,9196,6830,7189,1291
409,,9196,6830,7189,1291,9197,6866,7125,1317
409,,9197,6866,7125,1317,9198,6899,7082,1309
409,,9197,6866,7125,1317,9228,6876,7076,1349
409,,9198,6899,7082,1309,9199,6921,7040,1293
409,,9199,6921,7040,1293,9200,6951,6988,1259
409,,9200,6951,6988,1259,9201,6983,6924,1241
409,,9201,6983,6924,1241,9202,7031,6837,1233
409,,9202,7031,6837,1233,9203,7097,6744,1223
409,,9203,7097,6744,1223,9204,7119,6707,1205
409,,9204,7119,6707,1205,9205,7145,6642,1185
409,,9205,7145,6642,1185,9206,7176,6591,1167
409,,9206,7176,6591,1167,9207,7248,6515,1139
409,,9207,7248,6515,1139,9208,7264,6465,1091
409,,9208,7264,6465,1091,9209,7279,6434,1049
409,,9209,7279,6434,1049,9210,7299,6370,1001
409,,9210,7299,6370,1001,9211,7326,6276,971
409,,9211,7326,6276,971,9212,7374,6107,963
409,,9212,7374,6107,963,9213,7390,6076,965
409,,9213,7390,6076,965,9214,7406,6030,943
409,,9214,7406,6030,943,9215,7425,5969,919
409,,9215,7425,5969,919,9216,7445,5893,881
409,,9216,7445,5893,881,9217,7473,5829,851
409,,9217,7473,5829,851,9218,7499,5781,819
409,,9218,7499,5781,819,9219,7530,5729,785
409,,9219,7530,5729,785,9220,7559,5677,761
409,,9220,7559,5677,761,9221,7572,5625,733
409,,9221,7572,5625,733,9222,7589,5562,699
409,,9222,7589,5562,699,9223,7604,5514,679
409,,9223,7604,5514,679,9224,7629,5433,651
409,,9224,7629,5433,651,9225,7640,5386,635
409,,9225,7640,5386,635,9226,7657,5304,627
409,,9226,7657,5304,627,9227,7660,5190,627
409,,9228,6876,7076,1349,9229,6891,6980,1373
409,,9229,6891,6980,1373,9230,6927,6802,1365
409,,9230,6927,6802,1365,9231,6938,6715,1337
409,,9231,6938,6715,1337,9232,6938,6594,1328
409,,9232,6938,6594,1328,9233,6934,6527,1340
409,,9233,6934,6527,1340,9234,6930,6500,1338
409,,9234,6930,6500,1338,9235,6930,6466,1333
409,,9234,6930,6500,1338,9237,6940,6464,1365
409,,9235,6930,6466,1333,9236,6930,6439,1314
409,,9237,6940,6464,1365,9238,6945,6440,1399
409,,9238,6945,6440,1399,9239,6943,6401,1453
409,,9241,6633,7557,833,9242,6644,7589,771
409,,9242,6644,7589,771,9243,6609,7624,744
409,,9243,6609,7624,744,9244,6547,7670,683
409,,9244,6547,7670,683,9245,6514,7718,657
409,,9245,6514,7718,657,9246,6490,7752,630
409,,9246,6490,7752,630,9247,6460,7927,636
409,,9246,6490,7752,630,9270,6470,7766,603
409,,9247,6460,7927,636,9248,6451,7972,650
409,,9248,6451,7972,650,9249,6416,8085,662
409,,9249,6416,8085,662,9250,6366,8192,672
409,,9250,6366,8192,672,9251,6349,8313,668
409,,9251,6349,8313,668,9252,6350,8461,689
409,,9252,6350,8461,689,9253,6345,8500,672
409,,9253,6345,8500,672,9254,6345,8580,648
409,,9254,6345,8580,648,9255,6340,8664,623
409,,9255,6340,8664,623,9256,6345,8698,599
409,,9256,6345,8698,599,9257,6337,8801,599
409,,9257,6337,8801,599,9258,6341,8929,584
409,,9258,6341,8929,584,9259,6354,8982,580
409,,9259,6354,8982,580,9260,6412,9081,551
409,,9260,6412,9081,551,9261,6427,9108,511
409,,9261,6427,9108,511,9262,6442,9186,475
409,,9262,6442,9186,475,9263,6449,9297,418
409,,9263,6449,9297,418,9264,6477,9341,398
409,,9264,6477,9341,398,9265,6484,9428,333
409,,9265,6484,9428,333,9266,6480,9478,321
409,,9266,6480,9478,321,9267,6480,9548,276
409,,9267,6480,9548,276,9268,6468,9608,254
409,,9268,6468,9608,254,9269,6493,9669,247
409,,9270,6470,7766,603,9271,6424,7811,572
409,,9271,6424,7811,572,9272,6373,7885,539
409,,9272,6373,7885,539,9273,6355,7928,519
409,,9273,6355,7928,519,9274,6353,8080,526
409,,9273,6355,7928,519,9276,6333,7936,492
409,,9274,6353,8080,526,9275,6371,8211,537
409,,9276,6333,7936,492,9277,6320,7947,478
409,,9277,6320,7947,478,9278,6285,7950,449
413,.,10119,11065,5712,730,10120,10922,5643,859
413,,10119,11065,5712,730,10198,11203,5540,788
413,,10119,11065,5712,730,10224,11206,5831,691
413,,10119,11065,5712,730,10270,11230,5623,798
413,,10119,11065,5712,730,10308,11100,5947,798
413,,10119,11065,5712,730,10356,11095,5517,614
413,,10119,11065,5712,730,10357,11183,5761,912
413,,10120,10922,5643,859,10121,10739,5537,931
413,,10121,10739,5537,931,10122,10630,5537,1017
413,,10121,10739,5537,931,10167,10717,5528,900
413,,10122,10630,5537,1017,10123,10545,5491,1104
413,,10123,10545,5491,1104,10124,10513,5447,1151
413,,10124,10513,5447,1151,10125,10454,5398,1236
413,,10125,10454,5398,1236,10126,10398,5413,1273
413,,10125,10454,5398,1236,10150,10466,5379,1260
413,,10126,10398,5413,1273,10127,10338,5403,1310
413,,10127,10338,5403,1310,10128,10265,5422,1367
413,,10128,10265,5422,1367,10129,10259,5467,1400
413,,10128,10265,5422,1367,10139,10317,5350,1365
413,,10128,10265,5422,1367,10190,10190,5405,1384
413,,10129,10259,5467,1400,10130,10253,5493,1426
413,,10130,10253,5493,1426,10131,10246,5544,1471
413,,10131,10246,5544,1471,10132,10236,5604,1519
413,,10132,10236,5604,1519,10133,10237,5663,1542
413,,10133,10237,5663,1542,10134,10236,5698,1566
413,,10134,10236,5698,1566,10135,10237,5921,1651
413,,10135,10237,5921,1651,10136,10239,6036,1700
413,,10136,10239,6036,1700,10137,10229,6196,1746
413,,10137,10229,6196,1746,10138,10231,6302,1769
413,,10139,10317,5350,1365,10140,10353,5270,1366
413,,10140,10353,5270,1366,10141,10399,5223,1368
413,,10141,10399,5223,1368,10142,10410,5178,1385
413,,10142,10410,5178,1385,10143,10425,5130,1406
413,,10143,10425,5130,1406,10144,10436,5037,1403
413,,10144,10436,5037,1403,10145,10468,4993,1414
413,,10145,10468,4993,1414,10146,10502,4916,1420
413,,10146,10502,4916,1420,10147,10514,4847,1421
413,,10147,10514,4847,1421,10148,10530,4785,1403
413,,10148,10530,4785,1403,10149,10567,4646,1397
413,,10150,10466,5379,1260,10151,10470,5351,1281
413,,10151,10470,5351,1281,10152,10480,5329,1316
413,,10152,10480,5329,1316,10153,10482,5323,1341
413,,10153,10482,5323,1341,10154,10496,5318,1368
413,,10154,10496,5318,1368,10155,10500,5296,1405
413,,10155,10500,5296,1405,10156,10518,5288,1440
413,,10156,10518,5288,1440,10157,10532,5280,1462
413,,10157,10532,5280,1462,10158,10552,5261,1490
413,,10158,10552,5261,1490,10159,10578,5241,1519
413,,10159,10578,5241,1519,10160,10649,5190,1564
413,,10160,10649,5190,1564,10161,10677,5171,1585
413,,10161,10677,5171,1585,10162,10714,5144,1605
413,,10162,10714,5144,1605,10163,10760,5137,1653
413,,10163,10760,5137,1653,10164,10793,5120,1680
413,,10164,10793,5120,1680,10165,10847,5088,1743
413,,10165,10847,5088,1743,10166,10880,5063,1778
413,,10167,10717,5528,900,10168,10670,5434,864
413,,10168,10670,5434,864,10169,10673,5386,854
413,,10169,10673,5386,854,10170,10677,5311,817
413,,10170,10677,5311,817,10171,10690,5196,811
413,,10171,10690,5196,811,10172,10732,5032,808
413,,10172,10732,5032,808,10173,10749,5005,821
413,,10172,10732,5032,808,10183,10727,4984,789
413,,10173,10749,5005,821,10174,10777,4972,836
413,,10174,10777,4972,836,10175,10829,4865,848
413,,10175,10829,4865,848,10176,10839,4788,865
413,,10176,10839,4788,865,10177,10852,4737,869
413,,10177,10852,4737,869,10178,10863,4686,897
413,,10178,10863,4686,897,10179,10865,4655,907
413,,10179,10865,4655,907,10180,10877,4630,932
413,,10180,10877,4630,932,10181,10887,4601,955
413,,10181,10887,4601,955,10182,10889,4589,973
413,,10183,10727,4984,789,10184,10726,4869,752
413,,10184,10726,4869,752,10185,10726,4809,743
413,,10185,10726,4809,743,10186,10724,4720,720
413,,10186,10724,4720,720,10187,10719,4642,699
413,,10187,10719,4642,699,10188,10737,4566,655
413,,10188,10737,4566,655,10189,10752,4531,638
413,,10190,10190,5405,1384,10191,10072,5401,1433
413,,10191,10072,5401,1433,10192,9914,5372,1506
413,,10192,9914,5372,1506,10193,9811,5333,1551
413,,10193,9811,5333,1551,10194,9689,5308,1621
413,,10194,9689,5308,1621,10195,9622,5299,1664
413,,10195,9622,5299,1664,10196,9505,5336,1735
413,,10196,9505,5336,1735,10197,9440,5345,1783
413,,10198,11203,5540,788,10199,11266,5446,786
413,,10199,11266,5446,786,10200,11271,5428,828
413,,10200,11271,5428,828,10201,11281,5418,864
413,,10201,11281,5418,864,10202,11290,5405,888
413,,10202,11290,5405,888,10203,11307,5401,912
413,,10203,11307,5401,912,10204,11331,5393,938
413,,10204,11331,5393,938,10205,11341,5371,954
413,,10205,11341,5371,954,10206,11353,5351,986
413,,10206,11353,5351,986,10207,11373,5324,1017
413,,10207,11373,5324,1017,10208,11389,5293,1049
413,,10208,11389,5293,1049,10209,11419,5262,1093
413,,10209,11419,5262,1093,10210,11441,5223,1142
413,,10210,11441,5223,1142,10211,11451,5245,1216
413,,10211,11451,5245,1216,10212,11469,5237,1257
413,,10212,11469,5237,1257,10213,11491,5229,1301
413,,10213,11491,5229,1301,10214,11519,5157,1465
413,,10214,11519,5157,1465,10215,11515,5120,1502
413,,10215,11515,5120,1502,10216,11527,5100,1519
413,,10216,11527,5100,1519,10217,11530,5075,1537
413,,10217,11530,5075,1537,10218,11532,5060,1573
413,,10218,11532,5060,1573,10219,11538,5019,1640
413,,10219,11538,5019,1640,10220,11550,4986,1664
413,,10220,11550,4986,1664,10221,11576,4904,1744
413,,10221,11576,4904,1744,10222,11568,4819,1741
413,,10222,11568,4819,1741,10223,11552,4760,1744
413,,10224,11206,5831,691,10225,11279,6103,647
413,,10225,11279,6103,647,10226,11319,6278,589
413,,10226,11319,6278,589,10227,11333,6354,569
413,,10227,11333,6354,569,10228,11393,6389,589
413,,10227,11333,6354,569,10246,11336,6427,545
413,,10228,11393,6389,589,10229,11465,6434,619
413,,10229,11465,6434,619,10230,11537,6496,637
413,,10230,11537,6496,637,10231,11619,6509,651
413,,10231,11619,6509,651,10232,11655,6522,639
413,,10232,11655,6522,639,10233,11672,6516,607
413,,10232,11655,6522,639,10239,11677,6527,643
413,,10233,11672,6516,607,10234,11676,6511,583
413,,10234,11676,6511,583,10235,11682,6496,562
413,,10235,11682,6496,562,10236,11694,6476,526
413,,10236,11694,6476,526,10237,11706,6483,508
413,,10237,11706,6483,508,10238,11714,6477,473
413,,10239,11677,6527,643,10240,11698,6540,648
413,,10240,11698,6540,648,10241,11725,6534,651
413,,10241,11725,6534,651,10242,11762,6545,658
413,,10242,11762,6545,658,10243,11787,6545,665
413,,10243,11787,6545,665,10244,11816,6533,676
413,,10244,11816,6533,676,10245,11837,6519,682
413,,10246,11336,6427,545,10247,11317,6514,536
413,,10246,11336,6427,545,10258,11354,6504,550
413,,10247,11317,6514,536,10248,11308,6554,522
413,,10248,11308,6554,522,10249,11301,6609,498
413,,10249,11301,6609,498,10250,11278,6626,470
413,,10250,11278,6626,470,10251,11265,6635,445
413,,10251,11265,6635,445,10252,11238,6703,413
413,,10252,11238,6703,413,10253,11228,6734,385
413,,10253,11228,6734,385,10254,11199,6767,366
413,,10254,11199,6767,366,10255,11177,6800,346
413,,10255,11177,6800,346,10256,11155,6848,309
413,,10256,11155,6848,309,10257,11139,6889,288
413,,10258,11354,6504,550,10259,11352,6627,544
413,,10259,11352,6627,544,10260,11372,6729,535
413,,10260,11372,6729,535,10261,11393,6769,549
413,,10261,11393,6769,549,10262,11419,6834,559
413,,10262,11419,6834,559,10263,11443,6883,558
413,,10263,11443,6883,558,10264,11458,7005,555
413,,10264,11458,7005,555,10265,11472,7156,585
413,,10265,11472,7156,585,10266,11463,7288,663
413,,10266,11463,7288,663,10267,11484,7357,724
413,,10267,11484,7357,724,10268,11490,7479,816
413,,10268,11490,7479,816,10269,11482,7567,886
413,,10270,11230,5623,798,10271,11406,5606,864
413,,10271,11406,5606,864,10272,11406,5598,883
413,,10271,11406,5606,864,10289,11457,5605,854
413,,10272,11406,5598,883,10273,11425,5576,906
413,,10273,11425,5576,906,10274,11453,5583,928
413,,10274,11453,5583,928,10275,11493,5592,958
413,,10275,11493,5592,958,10276,11527,5624,981
413,,10276,11527,5624,981,10277,11567,5641,1005
413,,10277,11567,5641,1005,10278,11593,5623,1038
413,,10278,11593,5623,1038,10279,11655,5615,1129
413,,10279,11655,5615,1129,10280,11709,5593,1189
413,,10280,11709,5593,1189,10281,11730,5593,1240
413,,10281,11730,5593,1240,10282,11742,5567,1288
413,,10282,11742,5567,1288,10283,11752,5539,1399
413,,10283,11752,5539,1399,10284,11772,5549,1540
413,,10284,11772,5549,1540,10285,11759,5535,1588
413,,10285,11759,5535,1588,10286,11791,5516,1642
413,,10286,11791,5516,1642,10287,11830,5494,1730
413,,10287,11830,5494,1730,10288,11841,5479,1781
413,,10289,11457,5605,854,10290,11529,5623,820
413,,10290,11529,5623,820,10291,11572,5642,767
413,,10291,11572,5642,767,10292,11604,5672,740
413,,10292,11604,5672,740,10293,11669,5682,694
413,,10293,11669,5682,694,10294,11711,5692,676
413,,10294,11711,5692,676,10295,11763,5684,657
413,,10295,11763,5684,657,10296,11816,5679,643
413,,10296,11816,5679,643,10297,11859,5668,614
413,,10297,11859,5668,614,10298,11944,5668,577
413,,10298,11944,5668,577,10299,11997,5678,537
413,,10299,11997,5678,537,10300,12067,5664,508
413,,10300,12067,5664,508,10301,12111,5652,488
413,,10301,12111,5652,488,10302,12171,5614,478
413,,10302,12171,5614,478,10303,12207,5584,438
413,,10303,12207,5584,438,10304,12228,5531,406
413,,10304,12228,5531,406,10305,12240,5501,371
413,,10305,12240,5501,371,10306,12256,5492,354
413,,10306,12256,5492,354,10307,12300,5471,347
413,,10308,11100,5947,798,10309,11115,6126,863
413,,10309,11115,6126,863,10310,11125,6215,912
413,,10310,11125,6215,912,10311,11095,6322,959
413,,10310,11125,6215,912,10326,11133,6284,964
413,,10311,11095,6322,959,10312,11063,6414,974
413,,10312,11063,6414,974,10313,11053,6638,1098
413,,10312,11063,6414,974,10325,11049,6440,971
413,,10313,11053,6638,1098,10314,11065,6879,1145
413,,10313,11053,6638,1098,10323,11069,6664,1121
413,,10314,11065,6879,1145,10315,11067,7135,1236
413,,10315,11067,7135,1236,10316,11071,7330,1250
413,,10316,11071,7330,1250,10317,11065,7446,1244
413,,10317,11065,7446,1244,10318,11045,7628,1288
413,,10318,11045,7628,1288,10319,11029,7713,1338
413,,10319,11029,7713,1338,10320,10997,7785,1395
413,,10320,10997,7785,1395,10321,10981,7908,1428
413,,10321,10981,7908,1428,10322,10961,7991,1433
413,,10323,11069,6664,1121,10324,11079,6706,1158
413,,10326,11133,6284,964,10327,11138,6309,980
413,,10327,11138,6309,980,10328,11140,6394,1020
413,,10328,11140,6394,1020,10329,11148,6496,1069
413,,10329,11148,6496,1069,10330,11172,6578,1129
413,,10330,11172,6578,1129,10331,11210,6617,1180
413,,10331,11210,6617,1180,10332,11246,6647,1225
413,,10332,11246,6647,1225,10333,11292,6710,1265
413,,10333,11292,6710,1265,10334,11312,6749,1288
413,,10334,11312,6749,1288,10335,11362,6830,1339
413,,10335,11362,6830,1339,10336,11386,6860,1354
413,,10336,11386,6860,1354,10337,11410,6910,1371
413,,10337,11410,6910,1371,10338,11446,6947,1380
413,,10338,11446,6947,1380,10339,11520,6985,1432
413,,10339,11520,6985,1432,10340,11544,6981,1472
413,,10342,11086,5453,557,10343,11075,5356,481
413,,10342,11086,5453,557,10356,11095,5517,614
413,,10343,11075,5356,481,10344,11076,5318,464
413,,10344,11076,5318,464,10345,11066,5308,448
413,,10345,11066,5308,448,10346,11064,5275,430
413,,10346,11064,5275,430,10347,11066,5250,416
413,,10346,11064,5275,430,10341,11044,5196,391
413,,10347,11066,5250,416,10348,11096,5220,394
413,,10348,11096,5220,394,10349,11113,5203,367
413,,10349,11113,5203,367,10350,11124,5190,341
413,,10350,11124,5190,341,10351,11138,5173,309
413,,10351,11138,5173,309,10352,11176,5125,265
413,,10352,11176,5125,265,10353,11196,5078,245
413,,10341,11044,5196,391,10354,11031,5150,373
413,,10354,11031,5150,373,10355,11033,5106,345
413,,10357,11183,5761,912,10358,11255,5839,1024
413,,10358,11255,5839,1024,10359,11315,5901,1104
413,,10359,11315,5901,1104,10360,11337,6066,1283
413,,10359,11315,5901,1104,10375,11370,5950,1122
413,,10360,11337,6066,1283,10361,11345,6205,1443
413,,10361,11345,6205,1443,10362,11357,6242,1495
413,,10362,11357,6242,1495,10363,11379,6241,1613
413,,10362,11357,6242,1495,10366,11357,6282,1511
413,,10363,11379,6241,1613,10364,11409,6301,1675
413,,10364,11409,6301,1675,10365,11447,6331,1780
413,,10366,11357,6282,1511,10367,11341,6351,1531
413,,10367,11341,6351,1531,10368,11299,6415,1540
413,,10368,11299,6415,1540,10369,11277,6450,1555
413,,10369,11277,6450,1555,10370,11245,6479,1573
413,,10370,11245,6479,1573,10371,11223,6519,1585
413,,10371,11223,6519,1585,10372,11191,6579,1605
413,,10372,11191,6579,1605,10373,11155,6656,1621
413,,10373,11155,6656,1621,10374,11123,6697,1644
413,,10375,11370,5950,1122,10376,11448,6015,1140
413,,10376,11448,6015,1140,10377,11565,6098,1136
413,,10377,11565,6098,1136,10378,11605,6153,1150
413,,10378,11605,6153,1150,10379,11695,6248,1162
413,,10379,11695,6248,1162,10380,11782,6293,1136
413,,10380,11782,6293,1136,10381,11822,6367,1118
413,,10380,11782,6293,1136,10390,11889,6281,1136
413,,10381,11822,6367,1118,10382,11830,6390,1108
413,,10382,11830,6390,1108,10383,11840,6432,1088
413,,10383,11840,6432,1088,10384,11919,6678,1062
413,,10384,11919,6678,1062,10385,11962,6797,1046
413,,10385,11962,6797,1046,10386,12004,6924,1038
413,,10386,12004,6924,1038,10387,12013,7015,1028
413,,10387,12013,7015,1028,10388,12052,7109,1024
413,,10388,12052,7109,1024,10389,12072,7216,1016
413,,10390,11889,6281,1136,10391,11993,6390,1130
413,,10391,11993,6390,1130,10392,12071,6450,1138
413,,10392,12071,6450,1138,10393,12146,6474,1128
413,,10393,12146,6474,1128,10394,12191,6455,1166
413,,10394,12191,6455,1166,10395,12235,6418,1210
413,,10395,12235,6418,1210,10396,12268,6409,1262
